symbol,token,name
EBBE23INAV-EQ,10012,EBBE23INAV
ICICI5INAV-EQ,10048,ICICI5INAV
MONQ50INAV-EQ,10128,MONQ50INAV
AXISBNKETF-EQ,1044,AXISBNKETF
STEELCITY-EQ,10406,STEELCITY
KSHITIJPOL-EQ,10407,KSHITIJPOL
ARVSMART-EQ,10457,ARVSMART
MOHEALTH-EQ,10508,MOHEALTH
NIFTYBETA-EQ,10511,NIFTYBETA
HDF100INAV-EQ,10583,HDF100INAV
HDFCNIF100-EQ,10633,HDFCNIF100
TEAMGTY-EQ,10717,TEAMGTY
CANBK-EQ,10794,CANBK
NOIDATOLL-EQ,10786,NOIDATOLL
HDFCSILVER-EQ,10876,HDFCSILVER
GENESYS-EQ,10905,GENESYS
GODREJIND-EQ,10925,GODREJIND
BANKIETF-EQ,11037,BANKIETF
KSOLVES-EQ,11060,KSOLVES
IDFCFIRSTB-EQ,11184,IDFCFIRSTB
NSIL-EQ,11239,NSIL
TTKHLTCARE-EQ,11369,TTKHLTCARE
NDTV-EQ,11427,NDTV
TRACXN-EQ,11582,TRACXN
NEWGEN-EQ,1164,NEWGEN
GUFICBIO-EQ,11606,GUFICBIO
ALKEM-EQ,11703,ALKEM
AMBER-EQ,1185,AMBER
VIVIMEDLAB-EQ,11965,VIVIMEDLAB
HTMEDIA-EQ,11979,HTMEDIA
ICIL-EQ,11987,ICIL
FAZE3Q-EQ,12000,FAZE3Q
DELTAMAGNT-EQ,1214,DELTAMAGNT
OSIAHYPER-EQ,12635,OSIAHYPER
HYBRIDFIN-EQ,12809,HYBRIDFIN
CELEBRITY-EQ,13162,CELEBRITY
ENIL-EQ,13192,ENIL
MARINE-EQ,1328,MARINE
VISASTEEL-EQ,13295,VISASTEEL
KFINTECH-EQ,13359,KFINTECH
KKCL-EQ,13381,KKCL
EMKAY-EQ,13421,EMKAY
KELLTONTEC-EQ,13430,KELLTONTEC
PFOCUS-EQ,13496,PFOCUS
GMRAIRPORT-EQ,13528,GMRAIRPORT
RAMANEWS-EQ,13565,RAMANEWS
RADIANTCMS-EQ,13580,RADIANTCMS
ANTELOPUS-EQ,13598,ANTELOPUS
NRL-EQ,13675,NRL
INSPIRISYS-EQ,13730,INSPIRISYS
NAUKRI-EQ,13751,NAUKRI
KUANTUM-EQ,13870,KUANTUM
CREST-EQ,13900,CREST
SARLAPOLY-EQ,14043,SARLAPOLY
SAGCEM-EQ,14068,SAGCEM
IGPL-EQ,14086,IGPL
CTE-EQ,14218,CTE
HDFCSML250-EQ,14233,HDFCSML250
HDFCMID150-EQ,14236,HDFCMID150
TFL-EQ,14319,TFL
SMSPHARMA-EQ,14329,SMSPHARMA
ORIENTALTL-EQ,14346,ORIENTALTL
GOLDBEES-EQ,14428,GOLDBEES
ICRA-EQ,14523,ICRA
PSUBNKIETF-EQ,14584,PSUBNKIETF
V2RETAIL-EQ,14766,V2RETAIL
161NSETEST-EQ,14784,161NSETEST
CSBBANK-EQ,14966,CSBBANK
CENTUM-EQ,14982,CENTUM
KOLTEPATIL-EQ,15124,KOLTEPATIL
INDIACEM-EQ,1515,INDIACEM
KALYANIFRG-EQ,15156,KALYANIFRG
ARIES-EQ,15204,ARIES
CORDSCABLE-EQ,15271,CORDSCABLE
TATAINVEST-EQ,1621,TATAINVEST
ATAM-EQ,15404,ATAM
AVG-EQ,15589,AVG
IOC-EQ,1624,IOC
EBBETF0430-EQ,16253,EBBETF0430
RPGLIFE-EQ,16725,RPGLIFE
SHARIABEES-EQ,17044,SHARIABEES
PARAGMILK-EQ,17130,PARAGMILK
JBCHEPHARM-EQ,1726,JBCHEPHARM
ARMANFIN-EQ,17263,ARMANFIN
EXCEL-EQ,17376,EXCEL
GLOBUSSPR-EQ,17424,GLOBUSSPR
LTGILTBEES-EQ,17700,LTGILTBEES
MIDSELIETF-EQ,17702,MIDSELIETF
ATL-EQ,17778,ATL
GILLANDERS-EQ,17839,GILLANDERS
NESTLEIND-EQ,17963,NESTLEIND
VLEGOV-EQ,18012,VLEGOV
SBFC-EQ,18026,SBFC
ARENTERP-EQ,181,ARENTERP
JUBLFOOD-EQ,18096,JUBLFOOD
THANGAMAYL-EQ,18118,THANGAMAYL
FACT-EQ,1008,FACT
LICN50INAV-EQ,10098,LICN50INAV
MON100INAV-EQ,10130,MON100INAV
SYNGENE-EQ,10243,SYNGENE
RAMASTEEL-EQ,10300,RAMASTEEL
PKTEA-EQ,10321,PKTEA
RADHIKAJWE-EQ,10343,RADHIKAJWE
RAMRAT-EQ,10485,RAMRAT
MPSLTD-EQ,10578,MPSLTD
NIFTYQLITY-EQ,10690,NIFTYQLITY
INFRAIETF-EQ,10723,INFRAIETF
OFSS-EQ,10738,OFSS
DBOL-EQ,10893,DBOL
IGL-EQ,11262,IGL
UNIENTER-EQ,11293,UNIENTER
LICNETFN50-EQ,11319,LICNETFN50
MUKANDLTD-EQ,11325,MUKANDLTD
GICHSGFIN-EQ,1139,GICHSGFIN
MAHABANK-EQ,11377,MAHABANK
SPANDANA-EQ,11435,SPANDANA
WESTLIFE-EQ,11580,WESTLIFE
NTPC-EQ,11630,NTPC
LALPATHLAB-EQ,11654,LALPATHLAB
CONSOFINVT-EQ,11731,CONSOFINVT
JPPOWER-EQ,11763,JPPOWER
PRIMESECU-EQ,11864,PRIMESECU
63MOONS-EQ,11868,63MOONS
GRANULES-EQ,11872,GRANULES
MCLEODRUSS-EQ,11943,MCLEODRUSS
RML-EQ,11975,RML
CASTROLIND-EQ,1250,CASTROLIND
DHARMAJ-EQ,13001,DHARMAJ
SILVER1-EQ,13082,SILVER1
NAHARINDUS-EQ,13106,NAHARINDUS
ORIENTCER-EQ,13111,ORIENTCER
EBB433INAV-EQ,13168,EBB433INAV
HCL-INSYS-EQ,1327,HCL-INSYS
RSYSTEMS-EQ,13414,RSYSTEMS
LOKESHMACH-EQ,13436,LOKESHMACH
TECHM-EQ,13538,TECHM
HGM-EQ,13592,HGM
ANANTRAJ-EQ,13620,ANANTRAJ
JHS-EQ,13720,JHS
GTLINFRA-EQ,13745,GTLINFRA
HINDUNILVR-EQ,1394,HINDUNILVR
ASMS-EQ,14064,ASMS
PITTIENG-EQ,14134,PITTIENG
HSCL-EQ,14334,HSCL
IDEA-EQ,14366,IDEA
POCL-EQ,14385,POCL
AMDIND-EQ,14398,AMDIND
WEBELSOLAR-EQ,14602,WEBELSOLAR
GOACARBON-EQ,14687,GOACARBON
HGS-EQ,14712,HGS
021NSETEST-EQ,14751,021NSETEST
061NSETEST-EQ,14762,061NSETEST
101NSETEST-EQ,14772,101NSETEST
GOLD1-EQ,14858,GOLD1
KPRMILL-EQ,14912,KPRMILL
CIEINDIA-EQ,14937,CIEINDIA
SHIVAMILLS-EQ,1497,SHIVAMILLS
MAG813INAV-EQ,14953,MAG813INAV
KSCL-EQ,14972,KSCL
MOGSEC-EQ,1507,MOGSEC
MANAKSIA-EQ,15199,MANAKSIA
PPAP-EQ,15209,PPAP
JKIL-EQ,15266,JKIL
ONMOBILE-EQ,15278,ONMOBILE
QGOLDHALF-EQ,15330,QGOLDHALF
SHALPAINTS-EQ,15342,SHALPAINTS
NESCO-EQ,15409,NESCO
IPCALAB-EQ,1633,IPCALAB
BAJAJFINSV-EQ,16675,BAJAJFINSV
PTCIL-EQ,16682,PTCIL
HGINFRA-EQ,1672,HGINFRA
GHCLTEXTIL-EQ,16696,GHCLTEXTIL
ALMONDZ-EQ,16719,ALMONDZ
20MICRONS-EQ,16921,20MICRONS
ASHOKAMET-EQ,16943,ASHOKAMET
COUNCODOS-EQ,16986,COUNCODOS
PALREDTEC-EQ,17062,PALREDTEC
NV20IETF-EQ,17475,NV20IETF
RTNPOWER-EQ,17520,RTNPOWER
AMRUTANJAN-EQ,17547,AMRUTANJAN
ZYDUSWELL-EQ,17635,ZYDUSWELL
UNIVPHOTO-EQ,17659,UNIVPHOTO
KANPRPLA-EQ,1782,KANPRPLA
QUESS-EQ,17704,QUESS
ICIQ30INAV-EQ,17822,ICIQ30INAV
DLINKINDIA-EQ,17851,DLINKINDIA
ABBOTINDIA-EQ,17903,ABBOTINDIA
GEEKAYWIRE-EQ,17922,GEEKAYWIRE
GATECH-EQ,17888,GATECH
ADVENZYMES-EQ,18039,ADVENZYMES
JIOFIN-EQ,18143,JIOFIN
HATHWAY-EQ,18154,HATHWAY
EBBE30INAV-EQ,10016,EBBE30INAV
GODREJCP-EQ,10099,GODREJCP
ADANIENSOL-EQ,10217,ADANIENSOL
FINPIPE-EQ,1041,FINPIPE
LUPIN-EQ,10440,LUPIN
POWERMECH-EQ,10473,POWERMECH
SENSEXBETA-EQ,10515,SENSEXBETA
UFLEX-EQ,1053,UFLEX
SYRMA-EQ,10793,SYRMA
JUNIORBEES-EQ,10939,JUNIORBEES
MARUTI-EQ,10999,MARUTI
INDORAMA-EQ,10993,INDORAMA
SIRCA-EQ,11050,SIRCA
VARDHACRLC-EQ,11220,VARDHACRLC
BALAXI-EQ,11309,BALAXI
AFFLE-EQ,11343,AFFLE
SALZERELEC-EQ,11399,SALZERELEC
PILANIINVS-EQ,11445,PILANIINVS
AMBICAAGAR-EQ,11496,AMBICAAGAR
EMIL-EQ,11530,EMIL
PPLPHARMA-EQ,11571,PPLPHARMA
GULFPETRO-EQ,11581,GULFPETRO
JBMA-EQ,11655,JBMA
ALLDIGI-EQ,11798,ALLDIGI
JKPAPER-EQ,11860,JKPAPER
JSWHL-EQ,11880,JSWHL
MANINDS-EQ,11884,MANINDS
VHL-EQ,11892,VHL
DCXINDIA-EQ,11895,DCXINDIA
SEMAC-EQ,11961,SEMAC
SASKEN-EQ,11983,SASKEN
FCSSOFT-EQ,11999,FCSSOFT
SUZLON-EQ,12018,SUZLON
INOXGREEN-EQ,12188,INOXGREEN
RUSTOMJEE-EQ,12219,RUSTOMJEE
VINNY-EQ,12490,VINNY
GSPL-EQ,13197,GSPL
JKCEMENT-EQ,13270,JKCEMENT
LANDMARK-EQ,13276,LANDMARK
HEROMOTOCO-EQ,1348,HEROMOTOCO
BALPHARMA-EQ,13441,BALPHARMA
MANUGRAPH-EQ,13572,MANUGRAPH
HINDALCO-EQ,1363,HINDALCO
AERONEU-EQ,13689,AERONEU
SHYAMTEL-EQ,13740,SHYAMTEL
BAIDFIN-EQ,13794,BAIDFIN
LTFOODS-EQ,13816,LTFOODS
AARTIPHARM-EQ,13868,AARTIPHARM
AVTNPL-EQ,14008,AVTNPL
AUTOIND-EQ,14106,AUTOIND
TVSSRICHAK-EQ,14245,TVSSRICHAK
GOLDETF-EQ,14286,GOLDETF
NAHARSPING-EQ,14440,NAHARSPING
ACCURACY-EQ,1465,ACCURACY
IDBI-EQ,1476,IDBI
041NSETEST-EQ,14755,041NSETEST
111NSETEST-EQ,14774,111NSETEST
REPL-EQ,1480,REPL
121NSETEST-EQ,14777,121NSETEST
IFBIND-EQ,1485,IFBIND
DECCANCE-EQ,14838,DECCANCE
BAJAJELEC-EQ,15034,BAJAJELEC
SVLL-EQ,15121,SVLL
RGL-EQ,15129,RGL
TARIL-EQ,15174,TARIL
AMBIKCO-EQ,15234,AMBIKCO
DPSCLTD-EQ,15419,DPSCLTD
TARC-EQ,1581,TARC
HINDWAREAP-EQ,15883,HINDWAREAP
APOLLOTYRE-EQ,163,APOLLOTYRE
BHARATWIRE-EQ,16123,BHARATWIRE
MKPL-EQ,16736,MKPL
VINYLINDIA-EQ,16821,VINYLINDIA
IKIO-EQ,16822,IKIO
KOKUYOCMLN-EQ,16827,KOKUYOCMLN
LPDC-EQ,16863,LPDC
SUMICHEM-EQ,17105,SUMICHEM
PATANJALI-EQ,17029,PATANJALI
ALBERTDAVD-EQ,17256,ALBERTDAVD
VINATIORGA-EQ,17364,VINATIORGA
ADANIPOWER-EQ,17388,ADANIPOWER
PVTBANKADD-EQ,17576,PVTBANKADD
PSUBANKADD-EQ,17616,PSUBANKADD
TREL-EQ,17795,TREL
GODREJPROP-EQ,17875,GODREJPROP
KAKATCEM-EQ,1811,KAKATCEM
DOLPHIN-EQ,18139,DOLPHIN
ARE&M-EQ,100,ARE&M
DSPQ50INAV-EQ,10005,DSPQ50INAV
ICICI1INAV-EQ,10050,ICICI1INAV
MAM150INAV-EQ,10110,MAM150INAV
FEDERALBNK-EQ,1023,FEDERALBNK
DGCONTENT-EQ,10346,DGCONTENT
SHAREINDIA-EQ,104,SHAREINDIA
MARKSANS-EQ,10579,MARKSANS
GUJGASLTD-EQ,10599,GUJGASLTD
HDFCNEXT50-EQ,10619,HDFCNEXT50
FOSECOIND-EQ,1073,FOSECOIND
ZENSARTECH-EQ,1076,ZENSARTECH
SILVERADD-EQ,10761,SILVERADD
DREAMFOLKS-EQ,10859,DREAMFOLKS
RADAAN-EQ,10932,RADAAN
STCINDIA-EQ,10948,STCINDIA
GARFIBRES-EQ,1100,GARFIBRES
SANGINITA-EQ,11032,SANGINITA
NATHBIOGEN-EQ,11065,NATHBIOGEN
CNL-EQ,11155,CNL
COFFEEDAY-EQ,11165,COFFEEDAY
SHK-EQ,11212,SHK
UCOBANK-EQ,11223,UCOBANK
HDFCVALUE-EQ,11260,HDFCVALUE
TVTODAY-EQ,11275,TVTODAY
TIPSFILMS-EQ,11374,TIPSFILMS
PVTBANIETF-EQ,11386,PVTBANIETF
ZOTA-EQ,11394,ZOTA
CCL-EQ,11452,CCL
EXCELINDUS-EQ,11471,EXCELINDUS
COFORGE-EQ,11543,COFORGE
HDFCNIFTY-EQ,11591,HDFCNIFTY
WELENT-EQ,11626,WELENT
XCHANGING-EQ,11705,XCHANGING
EVEREADY-EQ,11782,EVEREADY
SUKHJITS-EQ,11804,SUKHJITS
SHOPERSTOP-EQ,11813,SHOPERSTOP
SSWL-EQ,11829,SSWL
NH-EQ,11840,NH
SURYALAXMI-EQ,11852,SURYALAXMI
ESG-EQ,1200,ESG
AURIONPRO-EQ,12022,AURIONPRO
ACI-EQ,12024,ACI
FIVESTAR-EQ,12032,FIVESTAR
11NSETEST-EQ,12841,11NSETEST
SAFARI-EQ,13035,SAFARI
360ONE-EQ,13061,360ONE
KERNEX-EQ,13121,KERNEX
JAGRAN-EQ,13211,JAGRAN
SAKUMA-EQ,13251,SAKUMA
BLKASHYAP-EQ,13290,BLKASHYAP
HDFCBANK-EQ,1333,HDFCBANK
MALUPAPER-EQ,13352,MALUPAPER
BHAGERIA-EQ,13400,BHAGERIA
RATNAMANI-EQ,13451,RATNAMANI
AKASH-EQ,13510,AKASH
IRCTC-EQ,13611,IRCTC
BANKADD-EQ,13644,BANKADD
GEECEE-EQ,13658,GEECEE
INFOMEDIA-EQ,13693,INFOMEDIA
FIEMIND-EQ,13710,FIEMIND
DCBBANK-EQ,13725,DCBBANK
GLOBALVECT-EQ,13735,GLOBALVECT
GESHIP-EQ,13776,GESHIP
JINDRILL-EQ,13875,JINDRILL
LIQUID1-EQ,13950,LIQUID1
TANLA-EQ,13976,TANLA
ZEEMEDIA-EQ,14003,ZEEMEDIA
HINDPETRO-EQ,1406,HINDPETRO
PTL-EQ,14101,PTL
REDINGTON-EQ,14255,REDINGTON
PGIL-EQ,14260,PGIL
PFC-EQ,14299,PFC
APOLLOPIPE-EQ,14361,APOLLOPIPE
SANOFI-EQ,1442,SANOFI
PHOENIXLTD-EQ,14552,PHOENIXLTD
SRHHYPOLTD-EQ,14582,SRHHYPOLTD
CHEMBOND-EQ,14618,CHEMBOND
NAVINFLUOR-EQ,14672,NAVINFLUOR
NAGREEKEXP-EQ,14702,NAGREEKEXP
TARMAT-EQ,14771,TARMAT
SPARC-EQ,14788,SPARC
NAGREEKCAP-EQ,14942,NAGREEKCAP
ASTERDM-EQ,1508,ASTERDM
INDHOTEL-EQ,1512,INDHOTEL
PSUBANK-EQ,15061,PSUBANK
BRIGADE-EQ,15184,BRIGADE
BANG-EQ,15303,BANG
SEPC-EQ,15308,SEPC
IRB-EQ,15313,IRB
GSS-EQ,15347,GSS
GOLDADD-EQ,15356,GOLDADD
MANKIND-EQ,15380,MANKIND
APOLLOHOSP-EQ,157,APOLLOHOSP
RVHL-EQ,1565,RVHL
INGERRAND-EQ,1597,INGERRAND
PIGL-EQ,15716,PIGL
FAIRCHEMOR-EQ,1614,FAIRCHEMOR
IONEXCHANG-EQ,1630,IONEXCHANG
CCAVENUE-EQ,16249,CCAVENUE
MMP-EQ,16395,MMP
ITC-EQ,1660,ITC
QNIFTY-EQ,16819,QNIFTY
TPHQ-EQ,16996,TPHQ
MAWANASUG-EQ,17022,MAWANASUG
JAYBARMARU-EQ,1708,JAYBARMARU
URAVIDEF-EQ,17071,URAVIDEF
IDEAFORGE-EQ,17140,IDEAFORGE
JAYSREETEA-EQ,1720,JAYSREETEA
NEXT50-EQ,17181,NEXT50
PAKKA-EQ,17197,PAKKA
ITADD-EQ,17207,ITADD
ASPINWALL-EQ,17270,ASPINWALL
CONTROLPR-EQ,17477,CONTROLPR
DAMODARIND-EQ,17541,DAMODARIND
MAHEPC-EQ,17603,MAHEPC
SENSEXADD-EQ,17613,SENSEXADD
GROBTEA-EQ,17770,GROBTEA
LTIM-EQ,17818,LTIM
DBCORP-EQ,17881,DBCORP
UNITEDTEA-EQ,17999,UNITEDTEA
MBLINFRA-EQ,18029,MBLINFRA
KABRAEXTRU-EQ,1805,KABRAEXTRU
NIFTY1-EQ,18102,NIFTY1
TEXMOPIPES-EQ,18214,TEXMOPIPES
MANINFRA-EQ,18226,MANINFRA
AEROFLEX-EQ,18268,AEROFLEX
HDFCLIQUID-EQ,18279,HDFCLIQUID
RBLBANK-EQ,18391,RBLBANK
BIGBLOC-EQ,18431,BIGBLOC
ENDURANCE-EQ,18822,ENDURANCE
CUMMINSIND-EQ,1901,CUMMINSIND
SFL-EQ,19184,SFL
HISARMETAL-EQ,19322,HISARMETAL
SECMARK-EQ,19496,SECMARK
IITL-EQ,19525,IITL
UGARSUGAR-EQ,19578,UGARSUGAR
ALPHAETF-EQ,19640,ALPHAETF
GOLDIETF-EQ,19679,GOLDIETF
WELINV-EQ,19800,WELINV
HONASA-EQ,19813,HONASA
EGOLD-EQ,19933,EGOLD
LUMAXIND-EQ,2018,LUMAXIND
CANTABIL-EQ,20160,CANTABIL
ESILVER-EQ,20257,ESILVER
CGCL-EQ,20329,CGCL
APCL-EQ,20453,APCL
DIGIDRIVE-EQ,21247,DIGIDRIVE
AVADHSUGAR-EQ,21406,AVADHSUGAR
BDL-EQ,2144,BDL
STEL-EQ,21484,STEL
DCAL-EQ,21704,DCAL
DAVANGERE-EQ,21794,DAVANGERE
ACC-EQ,22,ACC
LOVABLE-EQ,22415,LOVABLE
EPACK-EQ,22463,EPACK
ITBETA-EQ,22488,ITBETA
MRPL-EQ,2283,MRPL
GOLDCASE-EQ,22901,GOLDCASE
RKSWAMY-EQ,23043,RKSWAMY
SMCGLOBAL-EQ,2320,SMCGLOBAL
MOS250INAV-EQ,23188,MOS250INAV
CPSEETF-EQ,2328,CPSEETF
ASIANPAINT-EQ,236,ASIANPAINT
RELAXO-EQ,24225,RELAXO
VRAJ-EQ,24321,VRAJ
CONSUMBEES-EQ,2435,CONSUMBEES
DELPHIFX-EQ,24391,DELPHIFX
EMCURE-EQ,24398,EMCURE
SANSTAR-EQ,24582,SANSTAR
METALIETF-EQ,24861,METALIETF
SILGO-EQ,2492,SILGO
PREMIERENE-EQ,25049,PREMIERENE
BCLIND-EQ,2513,BCLIND
FLEXITUFF-EQ,25512,FLEXITUFF
TRITURBINE-EQ,25584,TRITURBINE
MOME50INAV-EQ,25621,MOME50INAV
AFFORDABLE-EQ,25855,AFFORDABLE
DBEIL-EQ,25892,DBEIL
SEAMECLTD-EQ,2616,SEAMECLTD
PCBL-EQ,2649,PCBL
PIDILITIND-EQ,2664,PIDILITIND
SAGILITY-EQ,27052,SAGILITY
CINELINE-EQ,27161,CINELINE
RAJSREESUG-EQ,2809,RAJSREESUG
VMM-EQ,27969,VMM
RALLIS-EQ,2816,RALLIS
ANURAS-EQ,2829,ANURAS
RANEHOLDIN-EQ,2844,RANEHOLDIN
KITEX-EQ,28899,KITEX
DUCON-EQ,28952,DUCON
RICOAUTO-EQ,2909,RICOAUTO
STALLION-EQ,29204,STALLION
AJAXENGG-EQ,29624,AJAXENGG
HEXT-EQ,29666,HEXT
GUJTHEM-EQ,29731,GUJTHEM
GROWWN200-EQ,29872,GROWWN200
JUSTDIAL-EQ,29962,JUSTDIAL
BSE500IETF-EQ,3001,BSE500IETF
EQUAL200-EQ,30121,EQUAL200
EQU200INAV-EQ,30124,EQU200INAV
PRABHA-EQ,30134,PRABHA
SDL26BEES-EQ,3022,SDL26BEES
SML100INAV-EQ,30544,SML100INAV
BAJAJHIND-EQ,308,BAJAJHIND
LODHA-EQ,3220,LODHA
THOMASCOTT-EQ,31017,THOMASCOTT
TEMBO-EQ,3275,TEMBO
STARPAPER-EQ,3291,STARPAPER
DEEPINDS-EQ,3292,DEEPINDS
SUNDARMFIN-EQ,3339,SUNDARMFIN
TAINWALCHM-EQ,3396,TAINWALCHM
TATACONSUM-EQ,3432,TATACONSUM
TMPV-EQ,3456,TMPV
TIRUMALCHM-EQ,3496,TIRUMALCHM
TIL-EQ,3484,TIL
UCAL-EQ,3570,UCAL
HEALTHIETF-EQ,3626,HEALTHIETF
VIPIND-EQ,3703,VIPIND
RITES-EQ,3761,RITES
WIPRO-EQ,3787,WIPRO
BEML-EQ,395,BEML
TOKYOPLAST-EQ,3837,TOKYOPLAST
BERGEPAINT-EQ,404,BERGEPAINT
MOTHERSON-EQ,4204,MOTHERSON
KOTHARIPET-EQ,4594,KOTHARIPET
GAIL-EQ,4717,GAIL
SKMEGGPROD-EQ,4732,SKMEGGPROD
INDNIPPON-EQ,4747,INDNIPPON
KCPSUGIND-EQ,4809,KCPSUGIND
SNOWMAN-EQ,4843,SNOWMAN
KIMS-EQ,4847,KIMS
FDC-EQ,4898,FDC
GANGAFORGE-EQ,4957,GANGAFORGE
PHARMABEES-EQ,4973,PHARMABEES
CLEAN-EQ,5049,CLEAN
SGIL-EQ,5114,SGIL
AAREYDRUGS-EQ,5245,AAREYDRUGS
DEVYANI-EQ,5373,DEVYANI
NGIL-EQ,5401,NGIL
JAIPURKURT-EQ,5516,JAIPURKURT
ACUTAAS-EQ,5578,ACUTAAS
BSL-EQ,559,BSL
CUB-EQ,5701,CUB
INTELLECT-EQ,5926,INTELLECT
BSLSENETFG-EQ,5957,BSLSENETFG
ABSLAMC-EQ,6018,ABSLAMC
EIFFL-EQ,6040,EIFFL
SJS-EQ,6643,SJS
IVC-EQ,6711,IVC
DHRUV-EQ,6858,DHRUV
MENONBE-EQ,6961,MENONBE
ZODIAC-EQ,7129,ZODIAC
ORIENTLTD-EQ,18208,ORIENTLTD
CUPID-EQ,18520,CUPID
MVGJL-EQ,19015,MVGJL
BOROLTD-EQ,19401,BOROLTD
IRMENERGY-EQ,19597,IRMENERGY
MAXESTATES-EQ,19646,MAXESTATES
MASFIN-EQ,199,MASFIN
LICHSGFIN-EQ,1997,LICHSGFIN
INTENTECH-EQ,20071,INTENTECH
RAMKY-EQ,20134,RAMKY
JWL-EQ,20224,JWL
TATATECH-EQ,20293,TATATECH
NRAIL-EQ,20314,NRAIL
SHANKARA-EQ,20321,SHANKARA
NACLIND-EQ,20425,NACLIND
BAJEL-EQ,20531,BAJEL
DOMS-EQ,20551,DOMS
ASHIMASYN-EQ,206,ASHIMASYN
DOLLAR-EQ,20560,DOLLAR
SUPERHOUSE-EQ,20616,SUPERHOUSE
MAHSCOOTER-EQ,2085,MAHSCOOTER
MAHSEAMLES-EQ,2088,MAHSEAMLES
FMNL-EQ,21017,FMNL
INNOVACAP-EQ,21062,INNOVACAP
SURANASOL-EQ,21077,SURANASOL
MASTEK-EQ,2124,MASTEK
DYNPRO-EQ,21314,DYNPRO
BOSCHLTD-EQ,2181,BOSCHLTD
IEX-EQ,220,IEX
NIFTYBETF-EQ,21959,NIFTYBETF
MAXIND-EQ,22428,MAXIND
GILT10BETA-EQ,22524,GILT10BETA
BLSE-EQ,22566,BLSE
MON100-EQ,22739,MON100
PLATIND-EQ,22930,PLATIND
MUNJALSHOW-EQ,2307,MUNJALSHOW
JAYNECOIND-EQ,2331,JAYNECOIND
181NSETEST-EQ,23447,181NSETEST
JNKINDIA-EQ,23621,JNKINDIA
MIDSMALL-EQ,23855,MIDSMALL
KRONOX-EQ,24025,KRONOX
TOP100CASE-EQ,24081,TOP100CASE
STANLEY-EQ,24226,STANLEY
AGIIL-EQ,24445,AGIIL
MIDHANI-EQ,2463,MIDHANI
RPEL-EQ,24735,RPEL
GROWWEV-EQ,24798,GROWWEV
GSEC10ABSL-EQ,24847,GSEC10ABSL
SSDL-EQ,24856,SSDL
INVENTURE-EQ,24870,INVENTURE
MFML-EQ,24937,MFML
PNGJL-EQ,25312,PNGJL
INDOTHAI-EQ,25608,INDOTHAI
METAL-EQ,25744,METAL
AVL-EQ,25984,AVL
TBZ-EQ,27037,TBZ
SWIGGY-EQ,27066,SWIGGY
SPECIALITY-EQ,27107,SPECIALITY
BLACKBUCK-EQ,27144,BLACKBUCK
GICRE-EQ,277,GICRE
RSWM-EQ,2794,RSWM
SAILIFE-EQ,27839,SAILIFE
MAYURUNIQ-EQ,28906,MAYURUNIQ
ECAPINSURE-EQ,29019,ECAPINSURE
INDUSTOWER-EQ,29135,INDUSTOWER
LAXMIDENTL-EQ,29171,LAXMIDENTL
NIFTYIETF-EQ,29553,NIFTYIETF
UNIONGOLD-EQ,29687,UNIONGOLD
QPOWER-EQ,29711,QPOWER
MSCIINDIA-EQ,29758,MSCIINDIA
VIVIDHA-EQ,29877,VIVIDHA
ABFRL-EQ,30108,ABFRL
CASHIETF-EQ,30139,CASHIETF
SOTL-EQ,3021,SOTL
JINDALSAW-EQ,3024,JINDALSAW
SCI-EQ,3048,SCI
GRO250INAV-EQ,30570,GRO250INAV
GRW150INAV-EQ,30574,GRW150INAV
PILITA-EQ,30835,PILITA
COMPUSOFT-EQ,31138,COMPUSOFT
UFBL-EQ,3127,UFBL
JTEKTINDIA-EQ,3237,JTEKTINDIA
NITIRAJ-EQ,3247,NITIRAJ
SUPREMEIND-EQ,3363,SUPREMEIND
SURYAROSNI-EQ,3375,SURYAROSNI
AJOONI-EQ,3403,AJOONI
TFCILTD-EQ,3466,TFCILTD
TECILCHEM-EQ,3453,TECILCHEM
ROML-EQ,359,ROML
MOKSH-EQ,3586,MOKSH
UNIVCABLES-EQ,3607,UNIVCABLES
VLSFINANCE-EQ,3715,VLSFINANCE
WALCHANNAG-EQ,3736,WALCHANNAG
SINTERCOM-EQ,381,SINTERCOM
WILLAMAGOR-EQ,3772,WILLAMAGOR
ZODIACLOTH-EQ,3821,ZODIACLOTH
IFGLEXPOR-EQ,436,IFGLEXPOR
VISAKAIND-EQ,4221,VISAKAIND
SHRIRAMFIN-EQ,4306,SHRIRAMFIN
KEYFINSERV-EQ,4157,KEYFINSERV
BHEL-EQ,438,BHEL
SENSEXIETF-EQ,4378,SENSEXIETF
5PAISA-EQ,445,5PAISA
MPHASIS-EQ,4503,MPHASIS
DYNAMATECH-EQ,4525,DYNAMATECH
RAMCOIND-EQ,4587,RAMCOIND
OSWALGREEN-EQ,471,OSWALGREEN
LIQUIDIETF-EQ,4838,LIQUIDIETF
JAICORPLTD-EQ,5143,JAICORPLTD
INDUSINDBK-EQ,5258,INDUSINDBK
ROLEXRINGS-EQ,5279,ROLEXRINGS
NUVOCO-EQ,5426,NUVOCO
ASTRAZEN-EQ,5610,ASTRAZEN
CANFINHOME-EQ,583,CANFINHOME
ARCHIES-EQ,5688,ARCHIES
CARBORUNIV-EQ,595,CARBORUNIV
DIGJAMLMTD-EQ,6127,DIGJAMLMTD
FCL-EQ,6198,FCL
TECHNOE-EQ,6445,TECHNOE
POLICYBZR-EQ,6656,POLICYBZR
LATENTVIEW-EQ,6818,LATENTVIEW
GREENLAM-EQ,6848,GREENLAM
AARTIIND-EQ,7,AARTIIND
HEMIPROP-EQ,701,HEMIPROP
SHIVALIK-EQ,7016,SHIVALIK
ANANDRATHI-EQ,7145,ANANDRATHI
RATEGAIN-EQ,7177,RATEGAIN
BBETF0432-EQ,7196,BBETF0432
SHRIRAMPPS-EQ,7200,SHRIRAMPPS
KANORICHEM-EQ,1835,KANORICHEM
IVZINGOLD-EQ,18292,IVZINGOLD
TCPLPACK-EQ,184,TCPLPACK
KARURVYSYA-EQ,1838,KARURVYSYA
POWERINDIA-EQ,18457,POWERINDIA
GNA-EQ,18571,GNA
SAMHI-EQ,18614,SAMHI
SIGNATURE-EQ,18743,SIGNATURE
CARYSIL-EQ,1879,CARYSIL
YATRA-EQ,18760,YATRA
NBIFIN-EQ,19111,NBIFIN
KOPRAN-EQ,1919,KOPRAN
UMESLTD-EQ,19142,UMESLTD
HEADSUP-EQ,19205,HEADSUP
VALIANTLAB-EQ,19218,VALIANTLAB
BLISSGVS-EQ,19265,BLISSGVS
THEJO-EQ,19279,THEJO
BAJAJCON-EQ,19531,BAJAJCON
LIQUIDSBI-EQ,19705,LIQUIDSBI
LMW-EQ,1979,LMW
TASTYBITE-EQ,20092,TASTYBITE
UNIDT-EQ,201,UNIDT
AKSHARCHEM-EQ,20178,AKSHARCHEM
GANDHAR-EQ,20303,GANDHAR
IOLCP-EQ,20413,IOLCP
INOXINDIA-EQ,20607,INOXINDIA
RPPINFRA-EQ,20760,RPPINFRA
PSPPROJECT-EQ,20877,PSPPROJECT
AZAD-EQ,20905,AZAD
A2ZINFRA-EQ,20906,A2ZINFRA
SUNCLAY-EQ,20956,SUNCLAY
STARCEMENT-EQ,21091,STARCEMENT
TEJASNET-EQ,21131,TEJASNET
AXISNIFTY-EQ,21252,AXISNIFTY
STEELXIND-EQ,21339,STEELXIND
THEINVEST-EQ,21427,THEINVEST
AKG-EQ,2176,AKG
LASA-EQ,21713,LASA
TEXRAIL-EQ,21828,TEXRAIL
INDTERRAIN-EQ,21957,INDTERRAIN
MOREPENLAB-EQ,2259,MOREPENLAB
PARKHOTELS-EQ,22649,PARKHOTELS
MUKKA-EQ,22980,MUKKA
GOPAL-EQ,23066,GOPAL
MOSMALL250-EQ,23181,MOSMALL250
SRM-EQ,23402,SRM
NURECA-EQ,2350,NURECA
AADHARHFC-EQ,23729,AADHARHFC
NEULANDLAB-EQ,2406,NEULANDLAB
VADILALIND-EQ,24196,VADILALIND
SBISILVER-EQ,24366,SBISILVER
BSLNIFTY-EQ,24781,BSLNIFTY
UNIECOM-EQ,24809,UNIECOM
ONWARDTEC-EQ,2481,ONWARDTEC
ORIENTTECH-EQ,24961,ORIENTTECH
SURAJLTD-EQ,24966,SURAJLTD
STYLEBAAZA-EQ,25114,STYLEBAAZA
EBANKNIFTY-EQ,25258,EBANKNIFTY
NORTHARC-EQ,25426,NORTHARC
MANBA-EQ,25597,MANBA
ESSARSHPNG-EQ,25634,ESSARSHPNG
DSSL-EQ,25690,DSSL
POLYMED-EQ,25718,POLYMED
KANANIIND-EQ,25786,KANANIIND
WAAREEENER-EQ,25907,WAAREEENER
EMULTIMQ-EQ,25996,EMULTIMQ
HERANBA-EQ,2614,HERANBA
POLYPLEX-EQ,2687,POLYPLEX
LIQUIDPLUS-EQ,27075,LIQUIDPLUS
KMEW-EQ,27084,KMEW
EIEL-EQ,27213,EIEL
SAMPANN-EQ,27303,SAMPANN
AUROPHARMA-EQ,275,AUROPHARMA
RCF-EQ,2866,RCF
RELIANCE-EQ,2885,RELIANCE
CARRARO-EQ,28879,CARRARO
TVSHLTD-EQ,29008,TVSHLTD
SETL-EQ,29075,SETL
ONESOURCE-EQ,29224,ONESOURCE
ITCHOTELS-EQ,29251,ITCHOTELS
DENTA-EQ,29256,DENTA
NIF100INAV-EQ,29956,NIF100INAV
KOHINOOR-EQ,3009,KOHINOOR
MOCAPITAL-EQ,30065,MOCAPITAL
ISHANCH-EQ,30249,ISHANCH
NIF100IETF-EQ,30392,NIF100IETF
EQUA50INAV-EQ,30503,EQUA50INAV
SHANTIGEAR-EQ,3078,SHANTIGEAR
TOP20INAV-EQ,30590,TOP20INAV
SHREYANIND-EQ,3126,SHREYANIND
SIMPLEXINF-EQ,3162,SIMPLEXINF
SREEL-EQ,31837,SREEL
SRF-EQ,3273,SRF
MODISONLTD-EQ,3316,MODISONLTD
SMLMAH-EQ,3387,SMLMAH
THERMAX-EQ,3475,THERMAX
CLSEL-EQ,3482,CLSEL
TORNTPHARM-EQ,3518,TORNTPHARM
JUBLPHARMA-EQ,3637,JUBLPHARMA
BATAINDIA-EQ,371,BATAINDIA
TATACOMM-EQ,3721,TATACOMM
ANMOL-EQ,3727,ANMOL
WHEELS-EQ,3766,WHEELS
ARIHANTCAP-EQ,3813,ARIHANTCAP
21STCENMGM-EQ,4,21STCENMGM
REMSONSIND-EQ,3965,REMSONSIND
CORALFINAC-EQ,4007,CORALFINAC
BHARATFORG-EQ,422,BHARATFORG
JAYAGROGN-EQ,4041,JAYAGROGN
ZENITHEXPO-EQ,4176,ZENITHEXPO
STERTOOLS-EQ,4299,STERTOOLS
MIRZAINT-EQ,4394,MIRZAINT
ATLASCYCLE-EQ,4568,ATLASCYCLE
BLUECHIP-EQ,4681,BLUECHIP
ENGINERSIN-EQ,4907,ENGINERSIN
SHEMAROO-EQ,5068,SHEMAROO
CIGNITITEC-EQ,5142,CIGNITITEC
CARTRADE-EQ,5407,CARTRADE
MONTECARLO-EQ,5938,MONTECARLO
AIROLAM-EQ,6068,AIROLAM
BHAGCHEM-EQ,6164,BHAGCHEM
CESC-EQ,628,CESC
GULPOLY-EQ,6286,GULPOLY
EQUAL50ADD-EQ,6606,EQUAL50ADD
SBC-EQ,6792,SBC
MAPMYINDIA-EQ,7227,MAPMYINDIA
VPRPL-EQ,18341,VPRPL
MIDCAPBETA-EQ,18347,MIDCAPBETA
ASIANHOTNR-EQ,18422,ASIANHOTNR
LTTS-EQ,18564,LTTS
KIRLOSBROS-EQ,18581,KIRLOSBROS
IDFNIFTYET-EQ,18783,IDFNIFTYET
TARAPUR-EQ,18827,TARAPUR
VBL-EQ,18921,VBL
RAJRATAN-EQ,18962,RAJRATAN
KIRLOSIND-EQ,19025,KIRLOSIND
TI-EQ,19196,TI
HMVL-EQ,19211,HMVL
SENSEXETF-EQ,19224,SENSEXETF
LAURUSLABS-EQ,19234,LAURUSLABS
MONIFTY500-EQ,19237,MONIFTY500
EMAMIREAL-EQ,19277,EMAMIREAL
ROSSARI-EQ,19410,ROSSARI
HDFCGOLD-EQ,19543,HDFCGOLD
DEEPAKNTR-EQ,19943,DEEPAKNTR
INFRABEES-EQ,20072,INFRABEES
ASHAPURMIN-EQ,203,ASHAPURMIN
IRFC-EQ,2029,IRFC
RESPONIND-EQ,20323,RESPONIND
CHENNPETRO-EQ,2049,CHENNPETRO
VTL-EQ,2073,VTL
KIRLOSENG-EQ,20936,KIRLOSENG
BFINVEST-EQ,21113,BFINVEST
GTPL-EQ,21195,GTPL
AUBANK-EQ,21238,AUBANK
LOWVOLIETF-EQ,21254,LOWVOLIETF
SALASAR-EQ,21362,SALASAR
MAGADSUGAR-EQ,21392,MAGADSUGAR
TATAGOLD-EQ,21401,TATAGOLD
OPTIEMUS-EQ,21469,OPTIEMUS
NEXT50BETA-EQ,21478,NEXT50BETA
COCHINSHIP-EQ,21508,COCHINSHIP
BRNL-EQ,21683,BRNL
DIXON-EQ,21690,DIXON
MATRIMONY-EQ,21726,MATRIMONY
ICICIGI-EQ,21770,ICICIGI
ITIETF-EQ,22365,ITIETF
GILT5BETA-EQ,22521,GILT5BETA
BANDHANBNK-EQ,2263,BANDHANBNK
RPTECH-EQ,22670,RPTECH
KRYSTAL-EQ,23175,KRYSTAL
NCC-EQ,2319,NCC
AWFIS-EQ,23864,AWFIS
RAILTEL-EQ,2431,RAILTEL
ESTER-EQ,24265,ESTER
ABDL-EQ,24308,ABDL
NKIND-EQ,2439,NKIND
DHANUKA-EQ,24409,DHANUKA
OILIETF-EQ,24533,OILIETF
OILCOUNTUB-EQ,2472,OILCOUNTUB
AKUMS-EQ,24715,AKUMS
FIRSTCRY-EQ,24814,FIRSTCRY
IBULLSLTD-EQ,24999,IBULLSLTD
ASAHISONG-EQ,25088,ASAHISONG
OSWALAGRO-EQ,2514,OSWALAGRO
BROOKS-EQ,25136,BROOKS
TOP10ADD-EQ,25171,TOP10ADD
SANOFICONR-EQ,25222,SANOFICONR
ARKADE-EQ,25398,ARKADE
APLAPOLLO-EQ,25780,APLAPOLLO
LLOYDSENT-EQ,25807,LLOYDSENT
3PLAND-EQ,2595,3PLAND
AFCONS-EQ,25977,AFCONS
MTARTECH-EQ,2709,MTARTECH
PRECWIRE-EQ,2717,PRECWIRE
NTPCGREEN-EQ,27176,NTPCGREEN
AUTOAXLES-EQ,278,AUTOAXLES
DAMCAPITAL-EQ,28662,DAMCAPITAL
CEWATER-EQ,28764,CEWATER
SANATHAN-EQ,28805,SANATHAN
ZUARI-EQ,29050,ZUARI
VMART-EQ,29284,VMART
MOSCHIP-EQ,29459,MOSCHIP
NEXT30ADD-EQ,29464,NEXT30ADD
PROTEAN-EQ,29472,PROTEAN
MCLOUD-EQ,29482,MCLOUD
NIF100BEES-EQ,29577,NIF100BEES
REPCOHOME-EQ,29598,REPCOHOME
SANGHIIND-EQ,2997,SANGHIIND
ATULAUTO-EQ,30023,ATULAUTO
SPECTRUM-EQ,30455,SPECTRUM
AONELIQUID-EQ,30472,AONELIQUID
SIL360INAV-EQ,30498,SIL360INAV
SHREDIGCEM-EQ,3099,SHREDIGCEM
BALKRISIND-EQ,335,BALKRISIND
SUBROS-EQ,3324,SUBROS
BANARISUG-EQ,350,BANARISUG
TTKPRESTIG-EQ,3546,TTKPRESTIG
SOLARA-EQ,3672,SOLARA
VOLTAS-EQ,3718,VOLTAS
MAHLOG-EQ,385,MAHLOG
VENKEYS-EQ,3757,VENKEYS
ZEEL-EQ,3812,ZEEL
VARROC-EQ,3857,VARROC
AEGISLOG-EQ,40,AEGISLOG
SOMANYCERA-EQ,3880,SOMANYCERA
NATCOPHARM-EQ,3918,NATCOPHARM
EIMCOELECO-EQ,4040,EIMCOELECO
BHARATGEAR-EQ,426,BHARATGEAR
CREDITACC-EQ,4421,CREDITACC
SBCL-EQ,4656,SBCL
INDRAMEDCO-EQ,4751,INDRAMEDCO
IRCON-EQ,4986,IRCON
GRINFRA-EQ,5054,GRINFRA
ETERNAL-EQ,5097,ETERNAL
GMDCLTD-EQ,5204,GMDCLTD
BPL-EQ,530,BPL
EPIGRAL-EQ,5382,EPIGRAL
AAVAS-EQ,5385,AAVAS
YUKEN-EQ,5501,YUKEN
LIKHITHA-EQ,578,LIKHITHA
AXISCETF-EQ,5732,AXISCETF
BANKNIFTY1-EQ,5851,BANKNIFTY1
PARAS-EQ,5911,PARAS
LICNETFGSC-EQ,6062,LICNETFGSC
ARTNIRMAN-EQ,6156,ARTNIRMAN
CENTENKA-EQ,619,CENTENKA
IGARASHI-EQ,634,IGARASHI
CONSUMIETF-EQ,6446,CONSUMIETF
SIGACHI-EQ,6663,SIGACHI
FOODSIN-EQ,6673,FOODSIN
EXIDEIND-EQ,676,EXIDEIND
MOLDTKPAC-EQ,6713,MOLDTKPAC
LINC-EQ,6951,LINC
HESTERBIO-EQ,7048,HESTERBIO
ACCELYA-EQ,7053,ACCELYA
ICDSLTD-EQ,6977,ICDSLTD
MICEL-EQ,7169,MICEL
SBIETFQLTY-EQ,7218,SBIETFQLTY
MEDPLUS-EQ,7254,MEDPLUS
NIFTYADD-EQ,7451,NIFTYADD
CIFL-EQ,756015,CIFL
TINNARUBR-EQ,756020,TINNARUBR
CRISIL-EQ,757,CRISIL
MOMGF-EQ,757099,MOMGF
BRIGHOTEL-EQ,757794,BRIGHOTEL
IGCL-EQ,757801,IGCL
INDIQUBE-EQ,757845,INDIQUBE
ANTHEM-EQ,757885,ANTHEM
QUALITY30-EQ,757946,QUALITY30
JSLL-EQ,758115,JSLL
LOTUSDEV-EQ,758145,LOTUSDEV
GROWWNIFTY-EQ,758697,GROWWNIFTY
VIKRAN-EQ,758973,VIKRAN
MONIFTY100-EQ,759371,MONIFTY100
OMFREIGHT-EQ,759411,OMFREIGHT
PATELRMART-EQ,759439,PATELRMART
SOLARWORLD-EQ,759929,SOLARWORLD
ARSSBL-EQ,759956,ARSSBL
SUDEEPPHRM-EQ,760039,SUDEEPPHRM
WAKEFIT-EQ,760259,WAKEFIT
DIVIDEND-EQ,760412,DIVIDEND
NEXT50ETF-EQ,760709,NEXT50ETF
FRACTAL-EQ,760961,FRACTAL
HEALTHCARE-EQ,760986,HEALTHCARE
IMAGICAA-EQ,7672,IMAGICAA
SHADOWFAX-EQ,761469,SHADOWFAX
DALMIASUG-EQ,781,DALMIASUG
WEL-EQ,7835,WEL
ZYDUSLIFE-EQ,7929,ZYDUSLIFE
MAKEINDIA-EQ,7979,MAKEINDIA
GRWRHITECH-EQ,7982,GRWRHITECH
BSHSL-EQ,809,BSHSL
RPSGVENT-EQ,8119,RPSGVENT
DEVIT-EQ,8146,DEVIT
FIBERWEB-EQ,8159,FIBERWEB
SAGARDEEP-EQ,8175,SAGARDEEP
MSUMI-EQ,8596,MSUMI
EIHOTEL-EQ,919,EIHOTEL
ORCHPHARMA-EQ,926,ORCHPHARMA
METROPOLIS-EQ,9581,METROPOLIS
COROMANDEL-EQ,739,COROMANDEL
HPAL-EQ,7376,HPAL
GROWWMOM50-EQ,756086,GROWWMOM50
ABLBL-EQ,756843,ABLBL
MOPSE-EQ,757431,MOPSE
GROWWNET-EQ,757814,GROWWNET
BELLACASA-EQ,757938,BELLACASA
PASHUPATI-EQ,757955,PASHUPATI
MBEL-EQ,758150,MBEL
SGFIN-EQ,758853,SGFIN
CPEDU-EQ,758941,CPEDU
ATLANTAELE-EQ,759007,ATLANTAELE
SAATVIKGL-EQ,759057,SAATVIKGL
VMSTMT-EQ,759152,VMSTMT
TIGERLOGS-EQ,759176,TIGERLOGS
JAINREC-EQ,759244,JAINREC
BMWVENTLTD-EQ,759256,BMWVENTLTD
GROWWRLTY-EQ,759428,GROWWRLTY
PINELABS-EQ,759820,PINELABS
UTLSOLAR-EQ,759876,UTLSOLAR
SKFINDUS-EQ,760101,SKFINDUS
CMSINFO-EQ,7603,CMSINFO
NETF-EQ,7838,NETF
GVPIL-EQ,7862,GVPIL
DALBHARAT-EQ,8075,DALBHARAT
MOMOMENTUM-EQ,8182,MOMOMENTUM
DEEPAKFERT-EQ,827,DEEPAKFERT
BLUESTARCO-EQ,8311,BLUESTARCO
GSEC5IETF-EQ,8342,GSEC5IETF
CHALET-EQ,8546,CHALET
LOWVOL1-EQ,8632,LOWVOL1
SONAMLTD-EQ,8806,SONAMLTD
GAEL-EQ,8828,GAEL
TTML-EQ,8954,TTML
PIXTRANS-EQ,9087,PIXTRANS
EICHERMOT-EQ,910,EICHERMOT
EIDPARRY-EQ,916,EIDPARRY
SNXT50BETA-EQ,9168,SNXT50BETA
ARROWGREEN-EQ,9260,ARROWGREEN
KRITIKA-EQ,9288,KRITIKA
SAKAR-EQ,9539,SAKAR
ESABINDIA-EQ,955,ESABINDIA
DELHIVERY-EQ,9599,DELHIVERY
PARADEEP-EQ,9741,PARADEEP
EVERESTIND-EQ,993,EVERESTIND
SETFNN50-EQ,7353,SETFNN50
MONQ50-EQ,7422,MONQ50
OSWALPUMPS-EQ,756802,OSWALPUMPS
SCODATUBES-EQ,757478,SCODATUBES
ATHERENERG-EQ,757645,ATHERENERG
TOP15IETF-EQ,757781,TOP15IETF
SBILIQETF-EQ,758496,SBILIQETF
RAYMONDREL-EQ,758551,RAYMONDREL
INTERNET-EQ,758595,INTERNET
MEIL-EQ,758748,MEIL
AONEGOLD-EQ,758904,AONEGOLD
SGMART-EQ,758889,SGMART
GKENERGY-EQ,759048,GKENERGY
EPACKPEB-EQ,759251,EPACKPEB
RUBICON-EQ,759316,RUBICON
SOLEX-EQ,759397,SOLEX
MIDWESTLTD-EQ,759517,MIDWESTLTD
STUDDS-EQ,759587,STUDDS
PWL-EQ,759723,PWL
ENERGY-EQ,759780,ENERGY
CHEMICAL-EQ,759885,CHEMICAL
MARKOLINES-EQ,760204,MARKOLINES
MIDCAPADD-EQ,760356,MIDCAPADD
NEXT50ADD-EQ,760599,NEXT50ADD
ALGOQUANT-EQ,761270,ALGOQUANT
MONARCH-EQ,7679,MONARCH
KEEPLEARN-EQ,778,KEEPLEARN
ALEMBICLTD-EQ,79,ALEMBICLTD
SILVER-EQ,8003,SILVER
AWL-EQ,8110,AWL
DCW-EQ,817,DCW
MID150BEES-EQ,8506,MID150BEES
INDOBORAX-EQ,8614,INDOBORAX
UMAEXPORTS-EQ,8842,UMAEXPORTS
VERANDA-EQ,8890,VERANDA
ARVINDFASN-EQ,9111,ARVINDFASN
ELECTCAST-EQ,928,ELECTCAST
TAJGVK-EQ,9354,TAJGVK
PNCINFRA-EQ,9385,PNCINFRA
AXISCADES-EQ,9436,AXISCADES
MAHESHWARI-EQ,9576,MAHESHWARI
SUBEXLTD-EQ,967,SUBEXLTD
KHANDSE-EQ,9641,KHANDSE
STAR-EQ,7374,STAR
NILASPACES-EQ,7411,NILASPACES
ALPHA-EQ,7412,ALPHA
WOCKPHARMA-EQ,7506,WOCKPHARMA
ENRIN-EQ,756871,ENRIN
PICCADIL-EQ,757754,PICCADIL
SAMBHV-EQ,757767,SAMBHV
GROWWLOVOL-EQ,758300,GROWWLOVOL
SML100CASE-EQ,758955,SML100CASE
BLUESTONE-EQ,759291,BLUESTONE
MOENERGY-EQ,759374,MOENERGY
ADVANCE-EQ,759402,ADVANCE
LENSKART-EQ,759605,LENSKART
CHOICEGOLD-EQ,759610,CHOICEGOLD
EUROPRATIK-EQ,759797,EUROPRATIK
CGPOWER-EQ,760,CGPOWER
STYL-EQ,759934,STYL
GROWWCAPM-EQ,760051,GROWWCAPM
JAYKAY-EQ,760073,JAYKAY
MODINATUR-EQ,760277,MODINATUR
GOLDBND-EQ,760325,GOLDBND
BHARATCOAL-EQ,760726,BHARATCOAL
GKSL-EQ,761197,GKSL
UNIINFO-EQ,7791,UNIINFO
BIL-EQ,7848,BIL
SPENCERS-EQ,8163,SPENCERS
NLCINDIA-EQ,8585,NLCINDIA
VETO-EQ,8652,VETO
SHAILY-EQ,8727,SHAILY
OBCL-EQ,8797,OBCL
CHOICEIN-EQ,8866,CHOICEIN
AGROPHOS-EQ,9046,AGROPHOS
ROTO-EQ,9049,ROTO
BALAJITELE-EQ,9158,BALAJITELE
TPLPLASTEH-EQ,9219,TPLPLASTEH
STARTECK-EQ,9305,STARTECK
STLTECH-EQ,9309,STLTECH
IOB-EQ,9348,IOB
CREATIVEYE-EQ,9384,CREATIVEYE
TRIDENT-EQ,9685,TRIDENT
AETHER-EQ,9810,AETHER
HAVELLS-EQ,9819,HAVELLS
WEWIN-EQ,9862,WEWIN
MOM100INAV-EQ,10122,MOM100INAV
AYMSYNTEX-EQ,10285,AYMSYNTEX
FINCABLES-EQ,1038,FINCABLES
UNITDSPR-EQ,10447,UNITDSPR
NIFTYBEES-EQ,10576,NIFTYBEES
MOMENTUM-EQ,10693,MOMENTUM
SURANAT&P-EQ,10700,SURANAT&P
BBETF0INAV-EQ,10021,BBETF0INAV
MID150INAV-EQ,10134,MID150INAV
SETF50INAV-EQ,10161,SETF50INAV
SETFNIF50-EQ,10176,SETFNIF50
KAYA-EQ,10276,KAYA
ASAL-EQ,10634,ASAL
GABRIEL-EQ,1085,GABRIEL
UNIONBANK-EQ,10753,UNIONBANK
DIVISLAB-EQ,10940,DIVISLAB
TMB-EQ,10945,TMB
INFOBEAN-EQ,11027,INFOBEAN
SUMIT-EQ,11140,SUMIT
HARSHA-EQ,11162,HARSHA
AXISILVER-EQ,11193,AXISILVER
HDFCQUAL-EQ,11255,HDFCQUAL
PTC-EQ,11355,PTC
VAIBHAVGBL-EQ,11364,VAIBHAVGBL
XPROINDIA-EQ,11407,XPROINDIA
RKFORGE-EQ,11411,RKFORGE
KRITINUT-EQ,11432,KRITINUT
KRIDHANINF-EQ,11480,KRIDHANINF
ASTRAMICRO-EQ,11618,ASTRAMICRO
GTL-EQ,1162,GTL
GMBREW-EQ,1168,GMBREW
INDOCO-EQ,11677,INDOCO
SHAHALLOYS-EQ,11856,SHAHALLOYS
GEOJITFSL-EQ,11896,GEOJITFSL
SWELECTES-EQ,11909,SWELECTES
BIKAJI-EQ,11966,BIKAJI
RENUKA-EQ,12026,RENUKA
PRAXIS-EQ,1204,PRAXIS
DOLATALGO-EQ,12124,DOLATALGO
SWSOLAR-EQ,12489,SWSOLAR
PRECAM-EQ,12603,PRECAM
GUJALKALI-EQ,1267,GUJALKALI
ABB-EQ,13,ABB
EKC-EQ,13091,EKC
HARRMALAYA-EQ,1313,HARRMALAYA
GALAXYSURF-EQ,1315,GALAXYSURF
NITINSPIN-EQ,13175,NITINSPIN
ROHLTD-EQ,13182,ROHLTD
SULA-EQ,13218,SULA
INDOTECH-EQ,13275,INDOTECH
KEI-EQ,13310,KEI
SDBL-EQ,1338,SDBL
SUNTV-EQ,13404,SUNTV
EMAMILTD-EQ,13517,EMAMILTD
VIDHIING-EQ,13536,VIDHIING
HINDCOMPOS-EQ,1372,HINDCOMPOS
FLUOROCHEM-EQ,13750,FLUOROCHEM
VGL-EQ,13771,VGL
SUTLEJTEX-EQ,13801,SUTLEJTEX
HIRECT-EQ,13890,HIRECT
VEEDOL-EQ,14019,VEEDOL
SIYSIL-EQ,14096,SIYSIL
GANDHITUBE-EQ,14116,GANDHITUBE
AGI-EQ,1412,AGI
IZMO-EQ,14174,IZMO
NSLNISP-EQ,14180,NSLNISP
HSM250INAV-EQ,14243,HSM250INAV
OSWALSEEDS-EQ,14305,OSWALSEEDS
GANESHHOU-EQ,14339,GANESHHOU
RAJTV-EQ,14403,RAJTV
THEMISMED-EQ,14485,THEMISMED
GOLDBETA-EQ,14535,GOLDBETA
BIRLANU-EQ,1455,BIRLANU
INSECTICID-EQ,14657,INSECTICID
KMSUGAR-EQ,14667,KMSUGAR
IFBAGRO-EQ,1482,IFBAGRO
OMAXE-EQ,14853,OMAXE
AKI-EQ,14890,AKI
RBA-EQ,1494,RBA
MOTILALOFS-EQ,14947,MOTILALOFS
PSUBNKBEES-EQ,15032,PSUBNKBEES
CERA-EQ,15039,CERA
DELTACORP-EQ,15044,DELTACORP
COLPAL-EQ,15141,COLPAL
JYOTHYLAB-EQ,15146,JYOTHYLAB
CEATLTD-EQ,15254,CEATLTD
NMDC-EQ,15332,NMDC
DSPN50INAV-EQ,10004,DSPN50INAV
EBBE32INAV-EQ,10019,EBBE32INAV
MOM50INAV-EQ,10127,MOM50INAV
AURUM-EQ,10310,AURUM
EBBE31INAV-EQ,10017,EBBE31INAV
ICICI2INAV-EQ,10028,ICICI2INAV
SCHAEFFLER-EQ,1011,SCHAEFFLER
EMAMIPAP-EQ,10074,EMAMIPAP
MANXT5INAV-EQ,10117,MANXT5INAV
SETF10INAV-EQ,10155,SETF10INAV
MANORAMA-EQ,10227,MANORAMA
AARON-EQ,1030,AARON
PPL-EQ,10297,PPL
CSLFINANCE-EQ,10350,CSLFINANCE
JISLJALEQS-EQ,10397,JISLJALEQS
MUTHOOTCAP-EQ,10415,MUTHOOTCAP
DYCL-EQ,10417,DYCL
SATIN-EQ,10453,SATIN
CONS-EQ,10512,CONS
SHARDAMOTR-EQ,10530,SHARDAMOTR
HDFC50INAV-EQ,10584,HDFC50INAV
SHREEPUSHK-EQ,10588,SHREEPUSHK
BHARTIARTL-EQ,10604,BHARTIARTL
OLECTRA-EQ,10637,OLECTRA
NUCLEUS-EQ,10791,NUCLEUS
MOVALUE-EQ,10825,MOVALUE
DANGEE-EQ,1110,DANGEE
HDFCGROWTH-EQ,11241,HDFCGROWTH
LICNETFSEN-EQ,11441,LICNETFSEN
LT-EQ,11483,LT
APARINDS-EQ,11491,APARINDS
ULTRACEMCO-EQ,11532,ULTRACEMCO
TCS-EQ,11536,TCS
TEXINFRA-EQ,11549,TEXINFRA
HDFCSENSEX-EQ,11593,HDFCSENSEX
ACEINTEG-EQ,11779,ACEINTEG
SAKSOFT-EQ,11794,SAKSOFT
IIFL-EQ,11809,IIFL
FMGOETZE-EQ,1190,FMGOETZE
BASML-EQ,12034,BASML
BBTCL-EQ,12153,BBTCL
GRASIM-EQ,1232,GRASIM
G1NSETEST-EQ,12842,G1NSETEST
KRISHANA-EQ,12847,KRISHANA
GFLLIMITED-EQ,1289,GFLLIMITED
UNIPARTS-EQ,13057,UNIPARTS
TRIVENI-EQ,13081,TRIVENI
AIAENG-EQ,13086,AIAENG
PVRINOX-EQ,13147,PVRINOX
KEC-EQ,13260,KEC
M&MFIN-EQ,13285,M&MFIN
CENTURYPLY-EQ,13305,CENTURYPLY
SGL-EQ,13367,SGL
KAMDHENU-EQ,13457,KAMDHENU
ALLCARGO-EQ,13501,ALLCARGO
HIMATSEIDE-EQ,1360,HIMATSEIDE
VOLTAMP-EQ,13577,VOLTAMP
ACE-EQ,13587,ACE
PARSVNATH-EQ,13791,PARSVNATH
RUCHIRA-EQ,13821,RUCHIRA
SOBHA-EQ,13826,SOBHA
DONEAR-EQ,13839,DONEAR
PLASTIBLEN-EQ,13920,PLASTIBLEN
JASH-EQ,13982,JASH
LUMAXTECH-EQ,14014,LUMAXTECH
WANBURY-EQ,14063,WANBURY
NETWORK18-EQ,14111,NETWORK18
HUBTOWN-EQ,14203,HUBTOWN
TIIL-EQ,14223,TIIL
HBS500INAV-EQ,14239,HBS500INAV
VIYASH-EQ,14296,VIYASH
INDIANB-EQ,14309,INDIANB
ASTRAL-EQ,14418,ASTRAL
JKTYRE-EQ,14435,JKTYRE
LEXUS-EQ,14459,LEXUS
HLVLTD-EQ,1448,HLVLTD
ABSLLIQUID-EQ,14518,ABSLLIQUID
NDLVENTURE-EQ,14547,NDLVENTURE
ALPHAGEO-EQ,14597,ALPHAGEO
DLF-EQ,14732,DLF
031NSETEST-EQ,14753,031NSETEST
071NSETEST-EQ,14764,071NSETEST
091NSETEST-EQ,14769,091NSETEST
SIGMAADV-EQ,14793,SIGMAADV
VIPCLOTHNG-EQ,14843,VIPCLOTHNG
ALPA-EQ,14848,ALPA
ASIANTILES-EQ,14889,ASIANTILES
PURVA-EQ,14922,PURVA
INDOWIND-EQ,14952,INDOWIND
POWERGRID-EQ,14977,POWERGRID
HITECHCORP-EQ,15161,HITECHCORP
ECLERX-EQ,15179,ECLERX
KIRLPNU-EQ,15180,KIRLPNU
UJJIVANSFB-EQ,15228,UJJIVANSFB
KAVDEFENCE-EQ,15244,KAVDEFENCE
RPOWER-EQ,15259,RPOWER
INDIANHUME-EQ,1530,INDIANHUME
VGUARD-EQ,15362,VGUARD
APCOTEXIND-EQ,154,APCOTEXIND
ATALREAL-EQ,15649,ATALREAL
INFY-EQ,1594,INFY
LATTEYS-EQ,15840,LATTEYS
VAISHALI-EQ,16589,VAISHALI
SILVERAG-EQ,16777,SILVERAG
ZFCVINDIA-EQ,16915,ZFCVINDIA
THYROCARE-EQ,17032,THYROCARE
NETWEB-EQ,17433,NETWEB
MGL-EQ,17534,MGL
LIQUID-EQ,17572,LIQUID
AHLUCONT-EQ,17833,AHLUCONT
REDTAPE-EQ,17859,REDTAPE
JSWENERGY-EQ,17869,JSWENERGY
HINDCOPPER-EQ,17939,HINDCOPPER
WHIRLPOOL-EQ,18011,WHIRLPOOL
PYRAMID-EQ,18250,PYRAMID
SPAL-EQ,18252,SPAL
RATNAVEER-EQ,18423,RATNAVEER
RRKABEL-EQ,18566,RRKABEL
NUVAMA-EQ,18721,NUVAMA
MAZDA-EQ,18866,MAZDA
SJVN-EQ,18883,SJVN
KIOCL-EQ,19126,KIOCL
IMFA-EQ,19235,IMFA
ARVIND-EQ,193,ARVIND
ITDC-EQ,19299,ITDC
BHANDARI-EQ,19556,BHANDARI
BLUEJET-EQ,19686,BLUEJET
JITFINFRA-EQ,19691,JITFINFRA
CELLO-EQ,19795,CELLO
ORISSAMINE-EQ,19931,ORISSAMINE
ASKAUTOLTD-EQ,20152,ASKAUTOLTD
PRESTIGE-EQ,20302,PRESTIGE
INDIASHLTR-EQ,20556,INDIASHLTR
SCHAND-EQ,20698,SCHAND
SUMEETINDS-EQ,20790,SUMEETINDS
SURAJEST-EQ,20822,SURAJEST
HUDCO-EQ,20825,HUDCO
MUTHOOTMF-EQ,20831,MUTHOOTMF
MUFTI-EQ,20878,MUFTI
MANGLMCEM-EQ,2106,MANGLMCEM
MARALOVER-EQ,2112,MARALOVER
KICL-EQ,21119,KICL
RAJMET-EQ,2168,RAJMET
EBBETF0431-EQ,22239,EBBETF0431
HEALTHADD-EQ,22592,HEALTHADD
MOTOGENFIN-EQ,2268,MOTOGENFIN
VSTL-EQ,22730,VSTL
HLEGLAS-EQ,2289,HLEGLAS
PVSL-EQ,23142,PVSL
BALUFORGE-EQ,23607,BALUFORGE
GVPTECH-EQ,10865,GVPTECH
INDIGO-EQ,11195,INDIGO
GTECJAINX-EQ,1129,GTECJAINX
JSL-EQ,11236,JSL
APOLLO-EQ,1134,APOLLO
LUXIND-EQ,11301,LUXIND
PETRONET-EQ,11351,PETRONET
DHANBANK-EQ,11359,DHANBANK
BANKBEES-EQ,11439,BANKBEES
GIPCL-EQ,1145,GIPCL
NV20-EQ,11457,NV20
GLAXO-EQ,1153,GLAXO
NIITLTD-EQ,11522,NIITLTD
FORCEMOT-EQ,11573,FORCEMOT
DWARKESH-EQ,11667,DWARKESH
HPIL-EQ,11796,HPIL
WELCORP-EQ,11821,WELCORP
YESBANK-EQ,11915,YESBANK
MSPL-EQ,11919,MSPL
SPLIL-EQ,11935,SPLIL
SYNCOMF-EQ,11992,SYNCOMF
GREAVESCOT-EQ,1235,GREAVESCOT
AMBUJACEM-EQ,1270,AMBUJACEM
ROUTE-EQ,128,ROUTE
V1NSETEST-EQ,12863,V1NSETEST
VIMTALABS-EQ,13101,VIMTALABS
EBBETF0433-EQ,13139,EBBETF0433
AFSL-EQ,13288,AFSL
GALLANTT-EQ,13337,GALLANTT
UTTAMSUGAR-EQ,13376,UTTAMSUGAR
PIONEEREMB-EQ,13463,PIONEEREMB
MUNJALAU-EQ,13511,MUNJALAU
TALBROAUTO-EQ,13648,TALBROAUTO
VISHWARAJ-EQ,13702,VISHWARAJ
MANALIPETC-EQ,13796,MANALIPETC
GREENPANEL-EQ,13810,GREENPANEL
MMFL-EQ,13844,MMFL
PARACABLES-EQ,13951,PARACABLES
SANGHVIMOV-EQ,14058,SANGHVIMOV
BTML-EQ,14150,BTML
NINSYS-EQ,14194,NINSYS
FSL-EQ,14304,FSL
GODREJAGRO-EQ,144,GODREJAGRO
NAHARPOLY-EQ,14445,NAHARPOLY
DISHTV-EQ,14537,DISHTV
ZENITHSTL-EQ,14562,ZENITHSTL
TGBHOTELS-EQ,14607,TGBHOTELS
HILTON-EQ,14627,HILTON
011NSETEST-EQ,14747,011NSETEST
051NSETEST-EQ,14758,051NSETEST
131NSETEST-EQ,14778,131NSETEST
141NSETEST-EQ,14781,141NSETEST
151NSETEST-EQ,14782,151NSETEST
LOWVOL-EQ,14786,LOWVOL
USK-EQ,14871,USK
CENTRALBK-EQ,14894,CENTRALBK
SAHYADRI-EQ,14900,SAHYADRI
KDDL-EQ,14908,KDDL
LAL-EQ,14924,LAL
BLAL-EQ,15067,BLAL
ADANIPORTS-EQ,15083,ADANIPORTS
SILVERBETA-EQ,15085,SILVERBETA
DVL-EQ,15214,DVL
VIRINCHI-EQ,15295,VIRINCHI
SADHNANIQ-EQ,15343,SADHNANIQ
ACL-EQ,15420,ACL
TITAGARH-EQ,15414,TITAGARH
GMMPFAUDLR-EQ,1570,GMMPFAUDLR
PRINCEPIPE-EQ,16045,PRINCEPIPE
LINDEINDIA-EQ,1627,LINDEINDIA
SUNDROP-EQ,1663,SUNDROP
DIGISPICE-EQ,16683,DIGISPICE
BAJAJ-AUTO-EQ,16669,BAJAJ-AUTO
IVP-EQ,1681,IVP
TOUCHWOOD-EQ,16908,TOUCHWOOD
ALKALI-EQ,16959,ALKALI
GATECHDVR-EQ,17,GATECHDVR
CROMPTON-EQ,17094,CROMPTON
CYIENTDLM-EQ,17187,CYIENTDLM
SETFGOLD-EQ,17272,SETFGOLD
NAGAFERT-EQ,17295,NAGAFERT
GKWLIMITED-EQ,17357,GKWLIMITED
NHPC-EQ,17400,NHPC
SHILPAMED-EQ,17752,SHILPAMED
REFEX-EQ,17764,REFEX
LLOYDSENGG-EQ,17801,LLOYDSENGG
COHANCE-EQ,17945,COHANCE
AWHCL-EQ,1797,AWHCL
TRF-EQ,17987,TRF
CONCORDBIO-EQ,18060,CONCORDBIO
SRGHFL-EQ,18119,SRGHFL
KAMATHOTEL-EQ,1826,KAMATHOTEL
JLHL-EQ,18553,JLHL
ICICIPRULI-EQ,18652,ICICIPRULI
KALAMANDIR-EQ,18755,KALAMANDIR
STYRENIX-EQ,19,STYRENIX
KINGFA-EQ,18944,KINGFA
KOTAKBANK-EQ,1922,KOTAKBANK
MON500INAV-EQ,19248,MON500INAV
KREBSBIO-EQ,1937,KREBSBIO
CAPTRUST-EQ,19447,CAPTRUST
BSE-EQ,19585,BSE
ITETF-EQ,19633,ITETF
MUFIN-EQ,19783,MUFIN
AMNPLST-EQ,19867,AMNPLST
KILITCH-EQ,19937,KILITCH
URJA-EQ,20203,URJA
M&M-EQ,2031,M&M
FLAIR-EQ,20372,FLAIR
COALINDIA-EQ,20374,COALINDIA
HOMEFIRST-EQ,2056,HOMEFIRST
GRAVITA-EQ,20534,GRAVITA
PENIND-EQ,20621,PENIND
MOTISONS-EQ,20788,MOTISONS
ZEELEARN-EQ,20852,ZEELEARN
RKDL-EQ,20950,RKDL
STOVEKRAFT-EQ,2107,STOVEKRAFT
SHEKHAWATI-EQ,21095,SHEKHAWATI
JYOTICNC-EQ,21334,JYOTICNC
GANGESSECU-EQ,21399,GANGESSECU
SIS-EQ,21501,SIS
COMSYN-EQ,21578,COMSYN
SBILIFE-EQ,21808,SBILIFE
DIAMONDYD-EQ,21840,DIAMONDYD
BANKBETF-EQ,21986,BANKBETF
WORTHPERI-EQ,22277,WORTHPERI
TIRUPATIFL-EQ,22282,TIRUPATIFL
ALPL30IETF-EQ,22344,ALPL30IETF
TOTAL-EQ,22423,TOTAL
SIGNPOST-EQ,22656,SIGNPOST
LICNMID100-EQ,22722,LICNMID100
SMALLCAP-EQ,22832,SMALLCAP
MURUDCERA-EQ,2313,MURUDCERA
SCILAL-EQ,23127,SCILAL
RACE-EQ,15391,RACE
MGEL-EQ,1593,MGEL
ANDHRAPAP-EQ,166,ANDHRAPAP
ANIKINDS-EQ,16657,ANIKINDS
KIRIINDUS-EQ,16639,KIRIINDUS
LOTUSEYE-EQ,16807,LOTUSEYE
ARTEMISMED-EQ,16913,ARTEMISMED
JOCIL-EQ,16927,JOCIL
SHRIPISTON-EQ,17186,SHRIPISTON
AJMERA-EQ,17307,AJMERA
LLOYDSME-EQ,17313,LLOYDSME
SETF10GILT-EQ,17395,SETF10GILT
EXPLEOSOL-EQ,17486,EXPLEOSOL
MOLDTECH-EQ,17625,MOLDTECH
SUNTECK-EQ,17641,SUNTECK
POKARNA-EQ,17651,POKARNA
GPTINFRA-EQ,17685,GPTINFRA
DEN-EQ,17722,DEN
YATHARTH-EQ,17738,YATHARTH
SOMICONVEY-EQ,17794,SOMICONVEY
QUAL30IETF-EQ,17808,QUAL30IETF
JYOTISTRUC-EQ,1802,JYOTISTRUC
KAJARIACER-EQ,1808,KAJARIACER
YASHO-EQ,18131,YASHO
EMMBI-EQ,18142,EMMBI
KECL-EQ,18220,KECL
HNGSNGBEES-EQ,18284,HNGSNGBEES
NIM150INAV-EQ,18353,NIM150INAV
PERSISTENT-EQ,18365,PERSISTENT
ISFT-EQ,18479,ISFT
DIAMINESQ-EQ,18644,DIAMINESQ
MARATHON-EQ,18659,MARATHON
VERTOZ-EQ,18863,VERTOZ
KSL-EQ,18889,KSL
PNBHOUSING-EQ,18908,PNBHOUSING
UNIVASTU-EQ,18977,UNIVASTU
PODDARMENT-EQ,19036,PODDARMENT
AARTISURF-EQ,19233,AARTISURF
LIQUIDETF-EQ,1927,LIQUIDETF
TERASOFT-EQ,19292,TERASOFT
SPCENET-EQ,19372,SPCENET
PRICOLLTD-EQ,19631,PRICOLLTD
GPPL-EQ,19731,GPPL
LIBERTSHOE-EQ,1994,LIBERTSHOE
CPCAP-EQ,20086,CPCAP
GREENPOWER-EQ,20110,GREENPOWER
ARIHANTSUP-EQ,20159,ARIHANTSUP
WABAG-EQ,20188,WABAG
WIPL-EQ,20481,WIPL
ASHOKLEY-EQ,212,ASHOKLEY
MFSL-EQ,2142,MFSL
PALASHSECU-EQ,21383,PALASHSECU
MOM100-EQ,21423,MOM100
TATSILV-EQ,21428,TATSILV
APEX-EQ,21623,APEX
NDRAUTO-EQ,22255,NDRAUTO
MODIRUBBER-EQ,2229,MODIRUBBER
MACPOWER-EQ,22347,MACPOWER
PENINLAND-EQ,2256,PENINLAND
JUNIPER-EQ,22824,JUNIPER
GPTHEALTH-EQ,22846,GPTHEALTH
HAL-EQ,2303,HAL
JGCHEM-EQ,23056,JGCHEM
MOREALTY-EQ,23184,MOREALTY
TARACHAND-EQ,23512,TARACHAND
MUTHOOTFIN-EQ,23650,MUTHOOTFIN
INDGN-EQ,23693,INDGN
ABSLPSE-EQ,23806,ABSLPSE
NAVNETEDUL-EQ,2385,NAVNETEDUL
NAVKARCORP-EQ,10557,NAVKARCORP
RAMAPHO-EQ,10568,RAMAPHO
TCI-EQ,10580,TCI
MOM30IETF-EQ,10585,MOM30IETF
PNB-EQ,10666,PNB
SPORTKING-EQ,10733,SPORTKING
APTECHT-EQ,10755,APTECHT
OAL-EQ,10768,OAL
GRMOVER-EQ,10871,GRMOVER
OMAXAUTO-EQ,10922,OMAXAUTO
DCMNVL-EQ,11039,DCMNVL
SATIA-EQ,11045,SATIA
LIBAS-EQ,11082,LIBAS
SUVEN-EQ,11233,SUVEN
WELSPUNLIV-EQ,11253,WELSPUNLIV
JAIBALAJI-EQ,11256,JAIBALAJI
DREDGECORP-EQ,11271,DREDGECORP
SIL-EQ,11297,SIL
GINNIFILA-EQ,1142,GINNIFILA
GLFL-EQ,1156,GLFL
CENTEXT-EQ,11511,CENTEXT
NARMADA-EQ,11627,NARMADA
SUPRAJIT-EQ,11689,SUPRAJIT
GNFC-EQ,1174,GNFC
PATELENG-EQ,11699,PATELENG
JSWSTEEL-EQ,11723,JSWSTEEL
JINDALPHOT-EQ,11743,JINDALPHOT
FUSION-EQ,11932,FUSION
KANSAINER-EQ,1196,KANSAINER
GOLDIAM-EQ,11971,GOLDIAM
KAYNES-EQ,12092,KAYNES
HNDFDS-EQ,12173,HNDFDS
ZIMLAB-EQ,12384,ZIMLAB
FINIETF-EQ,12578,FINIETF
TEAMLEASE-EQ,12716,TEAMLEASE
SARVESHWAR-EQ,12913,SARVESHWAR
NPBET-EQ,12978,NPBET
IIFLCAPS-EQ,13072,IIFLCAPS
QUICKHEAL-EQ,13116,QUICKHEAL
REPRO-EQ,13126,REPRO
COMMOIETF-EQ,13198,COMMOIETF
SADBHAV-EQ,13236,SADBHAV
SOLARINDS-EQ,13332,SOLARINDS
VAKRANGEE-EQ,13342,VAKRANGEE
HEG-EQ,1336,HEG
JKLAKSHMI-EQ,13491,JKLAKSHMI
ATLANTAA-EQ,13585,ATLANTAA
ELECON-EQ,13643,ELECON
ALICON-EQ,13656,ALICON
MADHUCON-EQ,13671,MADHUCON
HCC-EQ,1375,HCC
BBL-EQ,13761,BBL
BANCOINDIA-EQ,13880,BANCOINDIA
NFL-EQ,13925,NFL
HBLENGINE-EQ,13966,HBLENGINE
HINDOILEXP-EQ,1403,HINDOILEXP
TIMKEN-EQ,14198,TIMKEN
HINDZINC-EQ,1424,HINDZINC
HDFCBSE500-EQ,14230,HDFCBSE500
TTL-EQ,14314,TTL
PAGEIND-EQ,14413,PAGEIND
LAOPALA-EQ,14423,LAOPALA
DIVGIITTS-EQ,14479,DIVGIITTS
GOKULAGRO-EQ,14480,GOKULAGRO
NCLIND-EQ,14490,NCLIND
FORTIS-EQ,14592,FORTIS
AKZOINDIA-EQ,1467,AKZOINDIA
GUJAPOLLO-EQ,14677,GUJAPOLLO
TIMETECHNO-EQ,14707,TIMETECHNO
AXSENSEX-EQ,14742,AXSENSEX
ADVANIHOTR-EQ,14745,ADVANIHOTR
NELCAST-EQ,14761,NELCAST
ADSL-EQ,14813,ADSL
WSI-EQ,14828,WSI
IFCI-EQ,1491,IFCI
GSEC10YEAR-EQ,14938,GSEC10YEAR
CCCL-EQ,14992,CCCL
RELIGARE-EQ,15068,RELIGARE
EDELWEISS-EQ,15119,EDELWEISS
MADHAV-EQ,15151,MADHAV
INDIAGLYCO-EQ,1521,INDIAGLYCO
PATINTLOG-EQ,15219,PATINTLOG
LICNFNHGP-EQ,15229,LICNFNHGP
KNRCON-EQ,15283,KNRCON
RECLTD-EQ,15355,RECLTD
NAHARCAP-EQ,15360,NAHARCAP
SIGMA-EQ,16658,SIGMA
ITI-EQ,1675,ITI
GVT&D-EQ,16783,GVT&D
ARCHIDPLY-EQ,16795,ARCHIDPLY
DPWIRES-EQ,16900,DPWIRES
SINDHUTRAD-EQ,16859,SINDHUTRAD
HMAAGRO-EQ,17053,HMAAGRO
MIDCAPIETF-EQ,17152,MIDCAPIETF
MHRIL-EQ,17333,MHRIL
JINDALPOLY-EQ,1756,JINDALPOLY
VIJIFIN-EQ,17691,VIJIFIN
BAYERCROP-EQ,17927,BAYERCROP
BEARDSELL-EQ,17933,BEARDSELL
MMTC-EQ,17957,MMTC
MINDTECK-EQ,18049,MINDTECK
DBL-EQ,18086,DBL
VASCONEQ-EQ,18110,VASCONEQ
KPIL-EQ,1814,KPIL
BALKRISHNA-EQ,10181,BALKRISHNA
CONFIPET-EQ,10238,CONFIPET
NGLFINE-EQ,10277,NGLFINE
KRBL-EQ,10577,KRBL
SADBHIN-EQ,10618,SADBHIN
PONNIERODE-EQ,10661,PONNIERODE
MNC-EQ,10676,MNC
INDIAMART-EQ,10726,INDIAMART
MOQUALITY-EQ,10822,MOQUALITY
RADICO-EQ,10990,RADICO
LIQUIDBEES-EQ,11006,LIQUIDBEES
GHCL-EQ,1127,GHCL
BAGFILMS-EQ,11226,BAGFILMS
UPL-EQ,11287,UPL
BIOCON-EQ,11373,BIOCON
POONAWALLA-EQ,11403,POONAWALLA
DATAMATICS-EQ,11423,DATAMATICS
HDFCMOMENT-EQ,11538,HDFCMOMENT
HDFCLOWVOL-EQ,11547,HDFCLOWVOL
DCI-EQ,11566,DCI
LINCOLN-EQ,11596,LINCOLN
KOTARISUG-EQ,11647,KOTARISUG
GOKEX-EQ,11778,GOKEX
GODFRYPHLP-EQ,1181,GODFRYPHLP
GLAND-EQ,1186,GLAND
CYBERMEDIA-EQ,11842,CYBERMEDIA
MEDANTA-EQ,11956,MEDANTA
IMPAL-EQ,12009,IMPAL
AEROENTER-EQ,12015,AEROENTER
HDFCNIFIT-EQ,12101,HDFCNIFIT
HDFCPVTBAN-EQ,12108,HDFCPVTBAN
GSFC-EQ,1247,GSFC
MBAPL-EQ,12686,MBAPL
N1NSETEST-EQ,12848,N1NSETEST
GSEC10IETF-EQ,13143,GSEC10IETF
NITCO-EQ,13300,NITCO
GPIL-EQ,13409,GPIL
ELIN-EQ,13423,ELIN
NECCLTD-EQ,13522,NECCLTD
GRINDWELL-EQ,13560,GRINDWELL
AVONMORE-EQ,13557,AVONMORE
ANDHRSUGAR-EQ,136,ANDHRSUGAR
SKYGOLD-EQ,13631,SKYGOLD
JMFINANCIL-EQ,13637,JMFINANCIL
SHIVAMAUTO-EQ,13756,SHIVAMAUTO
TORNTPOWER-EQ,13786,TORNTPOWER
KAMOPAINTS-EQ,13814,KAMOPAINTS
PRAENG-EQ,13941,PRAENG
ABSLBANETF-EQ,13987,ABSLBANETF
SBGLP-EQ,14139,SBGLP
UNOMINDA-EQ,14154,UNOMINDA
HMI150INAV-EQ,14241,HMI150INAV
ORIENTBELL-EQ,14278,ORIENTBELL
BALAMINES-EQ,14501,BALAMINES
BANSWRAS-EQ,14511,BANSWRAS
AROGRANITE-EQ,14557,AROGRANITE
081NSETEST-EQ,14767,081NSETEST
MAGNUM-EQ,14957,MAGNUM
AVALON-EQ,15058,AVALON
BVCL-EQ,15073,BVCL
KAUSHALYA-EQ,15136,KAUSHALYA
RHL-EQ,15157,RHL
BGRENERGY-EQ,15189,BGRENERGY
BIRLAMONEY-EQ,15239,BIRLAMONEY
RAIN-EQ,15337,RAIN
PDMJEPAPER-EQ,15377,PDMJEPAPER
RKEC-EQ,1547,RKEC
EIHAHOTELS-EQ,15399,EIHAHOTELS
GILLETTE-EQ,1576,GILLETTE
HCG-EQ,15555,HCG
BECTORFOOD-EQ,1628,BECTORFOOD
PAVNAIND-EQ,16192,PAVNAIND
PANACHE-EQ,16292,PANACHE
GOKUL-EQ,16705,GOKUL
UBL-EQ,16713,UBL
INDBANK-EQ,16933,INDBANK
AARTECH-EQ,17145,AARTECH
SENCO-EQ,17271,SENCO
BLS-EQ,17279,BLS
SALONA-EQ,17351,SALONA
UTKARSHBNK-EQ,17358,UTKARSHBNK
PREMEXPLN-EQ,17397,PREMEXPLN
BANKETF-EQ,17419,BANKETF
OIL-EQ,17438,OIL
INCREDIBLE-EQ,17507,INCREDIBLE
SETCO-EQ,17514,SETCO
ASALCBR-EQ,17598,ASALCBR
ALOKINDS-EQ,17675,ALOKINDS
ASTEC-EQ,17728,ASTEC
NIITMTS-EQ,17747,NIITMTS
SARDAEN-EQ,17758,SARDAEN
SBICARD-EQ,17971,SBICARD
DBREALTY-EQ,18124,DBREALTY
TVSSCS-EQ,18151,TVSSCS
RETAIL-EQ,24145,RETAIL
DEEDEV-EQ,24154,DEEDEV
ABGSEC-EQ,24404,ABGSEC
RUBFILA-EQ,24730,RUBFILA
GSEC10INAV-EQ,24850,GSEC10INAV
ADANIENT-EQ,25,ADANIENT
LTF-EQ,24948,LTF
EUREKAFORB-EQ,25162,EUREKAFORB
VASWANI-EQ,25340,VASWANI
PANAMAPET-EQ,25392,PANAMAPET
PAISALO-EQ,25468,PAISALO
DIFFNKG-EQ,25672,DIFFNKG
RUPA-EQ,25724,RUPA
BANKPSU-EQ,25725,BANKPSU
GARUDA-EQ,25800,GARUDA
OCCLLTD-EQ,25918,OCCLLTD
IT-EQ,2627,IT
RTNINDIA-EQ,27297,RTNINDIA
RANASUG-EQ,2837,RANASUG
RAYMOND-EQ,2859,RAYMOND
HITECH-EQ,2868,HITECH
ORCHASP-EQ,29492,ORCHASP
NATCAPSUQ-EQ,29583,NATCAPSUQ
BAJAJINDEF-EQ,29678,BAJAJINDEF
WONDERLA-EQ,3002,WONDERLA
GLD360INAV-EQ,30126,GLD360INAV
SAURASHCEM-EQ,3018,SAURASHCEM
SILVERCASE-EQ,30274,SILVERCASE
SBIBPB-EQ,30290,SBIBPB
MID150-EQ,30469,MID150
VEDL-EQ,3063,VEDL
INDOSTAR-EQ,3088,INDOSTAR
SHREECEM-EQ,3103,SHREECEM
TRANSWORLD-EQ,3129,TRANSWORLD
GILT5YBEES-EQ,3172,GILT5YBEES
LYPSAGEMS-EQ,31468,LYPSAGEMS
VALIANTORG-EQ,330,VALIANTORG
SUNFLAG-EQ,3348,SUNFLAG
SPMLINFRA-EQ,3321,SPMLINFRA
SWARAJENG-EQ,3384,SWARAJENG
CAMS-EQ,342,CAMS
BANARBEADS-EQ,347,BANARBEADS
HONAUT-EQ,3417,HONAUT
NAM-INDIA-EQ,357,NAM-INDIA
WSTCSTPAPR-EQ,3799,WSTCSTPAPR
ZUARIIND-EQ,3827,ZUARIIND
NIACL-EQ,399,NIACL
BIOFILCHEM-EQ,4136,BIOFILCHEM
REGENCERAM-EQ,4130,REGENCERAM
SANGAMIND-EQ,4184,SANGAMIND
HERITGFOOD-EQ,4598,HERITGFOOD
DCMFINSERV-EQ,4775,DCMFINSERV
INDSWFTLAB-EQ,4870,INDSWFTLAB
SAREGAMA-EQ,4892,SAREGAMA
ADROITINFO-EQ,4953,ADROITINFO
STYLAMIND-EQ,5186,STYLAMIND
BFSI-EQ,5220,BFSI
FMCGIETF-EQ,5306,FMCGIETF
WINDLAS-EQ,5366,WINDLAS
TRIGYN-EQ,5428,TRIGYN
GANESHBE-EQ,5614,GANESHBE
LAGNAM-EQ,5865,LAGNAM
SOUTHBANK-EQ,5948,SOUTHBANK
TECH-EQ,6462,TECH
IRIS-EQ,6489,IRIS
SONATSOFTW-EQ,6596,SONATSOFTW
CHOLAFIN-EQ,685,CHOLAFIN
GANECOS-EQ,6944,GANECOS
GOCOLORS-EQ,6964,GOCOLORS
DICIND-EQ,703,DICIND
SUPRIYA-EQ,7390,SUPRIYA
MANAKSTEEL-EQ,7463,MANAKSTEEL
WAAREERTL-EQ,756038,WAAREERTL
SILVER360-EQ,756150,SILVER360
NPST-EQ,756324,NPST
MON50EQUAL-EQ,756900,MON50EQUAL
EQUAL50-EQ,757142,EQUAL50
AEGISVOPAK-EQ,757336,AEGISVOPAK
TRAVELFOOD-EQ,757545,TRAVELFOOD
FISCHER-EQ,757658,FISCHER
RMDRIP-EQ,757834,RMDRIP
HDBFS-EQ,757772,HDBFS
CHEMBONDCH-EQ,757989,CHEMBONDCH
MOSILVER-EQ,758457,MOSILVER
LTGILTCASE-EQ,758705,LTGILTCASE
ELM250-EQ,758952,ELM250
FINKURVE-EQ,759239,FINKURVE
TATACAP-EQ,759265,TATACAP
CRAMC-EQ,759311,CRAMC
SMALL250-EQ,759814,SMALL250
BETA-EQ,759842,BETA
ESENSEX-EQ,759995,ESENSEX
ENIFTY-EQ,759998,ENIFTY
FABTECH-EQ,760125,FABTECH
NEPHROPLUS-EQ,760346,NEPHROPLUS
PARKHOSPS-EQ,760351,PARKHOSPS
ADVAIT-EQ,760657,ADVAIT
AUTOBEES-EQ,7880,AUTOBEES
MHLXMIRU-EQ,7886,MHLXMIRU
DCMSHRIRAM-EQ,811,DCMSHRIRAM
MANYAVAR-EQ,8167,MANYAVAR
MIDCAPETF-EQ,8413,MIDCAPETF
GMRP&UI-EQ,8529,GMRP&UI
E2E-EQ,8937,E2E
RITCO-EQ,8944,RITCO
EQUITASBNK-EQ,913,EQUITASBNK
RVNL-EQ,9552,RVNL
ETHOSLTD-EQ,9750,ETHOSLTD
EPL-EQ,981,EPL
SMARTLINK-EQ,9889,SMARTLINK
ALANKIT-EQ,9921,ALANKIT
VIKASLIFE-EQ,9931,VIKASLIFE
171NSETEST-EQ,23446,171NSETEST
AAKASH-EQ,235,AAKASH
GLOSTERLTD-EQ,23590,GLOSTERLTD
TBOTEK-EQ,23740,TBOTEK
NELCO-EQ,2388,NELCO
GODIGIT-EQ,23799,GODIGIT
SANDHAR-EQ,2397,SANDHAR
BBNPNBETF-EQ,24117,BBNPNBETF
ASHIANA-EQ,24403,ASHIANA
EVINDIA-EQ,24461,EVINDIA
MAITHANALL-EQ,24538,MAITHANALL
AVANTEL-EQ,24610,AVANTEL
OLAELEC-EQ,24777,OLAELEC
ORIENTPPR-EQ,2496,ORIENTPPR
INTERARCH-EQ,24909,INTERARCH
ECOSMOBLTY-EQ,25060,ECOSMOBLTY
RAYMONDLSL-EQ,25073,RAYMONDLSL
KROSS-EQ,25252,KROSS
WCIL-EQ,25403,WCIL
GROWWLIQID-EQ,25447,GROWWLIQID
LICMFGOLD-EQ,25640,LICMFGOLD
SRD-EQ,25737,SRD
VINCOFE-EQ,25835,VINCOFE
HYUNDAI-EQ,25844,HYUNDAI
GROWWGOLD-EQ,25872,GROWWGOLD
LEMONTREE-EQ,2606,LEMONTREE
DRCSYSTEMS-EQ,2645,DRCSYSTEMS
CHEMCON-EQ,270,CHEMCON
KPEL-EQ,27079,KPEL
ROSSTECH-EQ,27353,ROSSTECH
JUBLINGREA-EQ,2783,JUBLINGREA
ODIGMA-EQ,27571,ODIGMA
INNOVANA-EQ,27754,INNOVANA
CHEMFAB-EQ,2799,CHEMFAB
ANUHPHR-EQ,28314,ANUHPHR
IGIL-EQ,28378,IGIL
SENORES-EQ,28888,SENORES
KALYANKJIL-EQ,2955,KALYANKJIL
SAIL-EQ,2963,SAIL
SAKHTISUG-EQ,2969,SAKHTISUG
ORIENTELEC-EQ,2972,ORIENTELEC
NIBL-EQ,29733,NIBL
BHARATSE-EQ,30244,BHARATSE
ESSENTIA-EQ,30323,ESSENTIA
BAJAJHLDNG-EQ,305,BAJAJHLDNG
SBIN-EQ,3045,SBIN
GRWN50INAV-EQ,30540,GRWN50INAV
SMALL2INAV-EQ,30573,SMALL2INAV
SESHAPAPER-EQ,3066,SESHAPAPER
NEXT50INAV-EQ,30597,NEXT50INAV
HONDAPOWER-EQ,3138,HONDAPOWER
SCHNEIDER-EQ,31234,SCHNEIDER
SKFINDIA-EQ,3186,SKFINDIA
ADOR-EQ,34,ADOR
TATACHEM-EQ,3405,TATACHEM
ADANIGREEN-EQ,3563,ADANIGREEN
VESUVIUS-EQ,3676,VESUVIUS
UNITECH-EQ,3594,UNITECH
CAPLIPOINT-EQ,3906,CAPLIPOINT
PREMIERPOL-EQ,3908,PREMIERPOL
NAVA-EQ,4014,NAVA
KHAITANLTD-EQ,3912,KHAITANLTD
PANACEABIO-EQ,4055,PANACEABIO
BOSCH-HCIL-EQ,4491,BOSCH-HCIL
NEXT50IETF-EQ,4529,NEXT50IETF
SONACOMS-EQ,4684,SONACOMS
BANKINDIA-EQ,4745,BANKINDIA
MADRASFERT-EQ,4911,MADRASFERT
KPIGREEN-EQ,5108,KPIGREEN
TATVA-EQ,5162,TATVA
BPCL-EQ,526,BPCL
UTIAMC-EQ,527,UTIAMC
MAHAPEXLTD-EQ,5239,MAHAPEXLTD
BRITANNIA-EQ,547,BRITANNIA
MOL-EQ,5394,MOL
APTUS-EQ,5435,APTUS
KOTHARIPRO-EQ,5528,KOTHARIPRO
SHANTI-EQ,5650,SHANTI
SIKKO-EQ,6218,SIKKO
KRITI-EQ,6417,KRITI
FINOPB-EQ,6579,FINOPB
JINDALSTEL-EQ,6733,JINDALSTEL
NIPPOBATRY-EQ,6782,NIPPOBATRY
STEELCAS-EQ,6803,STEELCAS
BAJAJHCARE-EQ,6863,BAJAJHCARE
DMCC-EQ,6973,DMCC
BSOFT-EQ,6994,BSOFT
STARHEALTH-EQ,7083,STARHEALTH
SHALBY-EQ,714,SHALBY
JTLIND-EQ,7287,JTLIND
LIQUIDBETF-EQ,23915,LIQUIDBETF
BOROSCI-EQ,24014,BOROSCI
TOP100INAV-EQ,24086,TOP100INAV
OMINFRAL-EQ,24231,OMINFRAL
VSTTILLERS-EQ,24292,VSTTILLERS
LIQUIDSHRI-EQ,24374,LIQUIDSHRI
BANSALWIRE-EQ,24386,BANSALWIRE
KARMAENG-EQ,24385,KARMAENG
FILATEX-EQ,24532,FILATEX
CENTRUM-EQ,2454,CENTRUM
RUSHIL-EQ,24595,RUSHIL
RELTD-EQ,24596,RELTD
MANCREDIT-EQ,24823,MANCREDIT
GLOBALE-EQ,24932,GLOBALE
MULTICAP-EQ,25080,MULTICAP
TREEHOUSE-EQ,25082,TREEHOUSE
XTGLOBAL-EQ,25235,XTGLOBAL
HUHTAMAKI-EQ,2562,HUHTAMAKI
JISLDVREQS-EQ,25684,JISLDVREQS
ATUL-EQ,263,ATUL
PEARLPOLY-EQ,2610,PEARLPOLY
DIVOPPBEES-EQ,2636,DIVOPPBEES
PRAJIND-EQ,2705,PRAJIND
ACMESOLAR-EQ,27061,ACMESOLAR
VSSL-EQ,27067,VSSL
SURAKSHA-EQ,27334,SURAKSHA
LXCHEM-EQ,2841,LXCHEM
TRANSRAILL-EQ,28714,TRANSRAILL
VENTIVE-EQ,28847,VENTIVE
PROZONER-EQ,28859,PROZONER
CONSUMER-EQ,28969,CONSUMER
RIIL-EQ,2912,RIIL
RUBYMILLS-EQ,2939,RUBYMILLS
NIBE-EQ,29487,NIBE
SURYODAY-EQ,2970,SURYODAY
NAZARA-EQ,2987,NAZARA
ORIENTCEM-EQ,30089,ORIENTCEM
SELECTIPO-EQ,30109,SELECTIPO
SAMMAANCAP-EQ,30125,SAMMAANCAP
ELM250INAV-EQ,30542,ELM250INAV
MOME30INAV-EQ,30552,MOME30INAV
DBSTOCKBRO-EQ,31107,DBSTOCKBRO
NDL-EQ,31258,NDL
BORORENEW-EQ,3149,BORORENEW
ORBTEXP-EQ,31475,ORBTEXP
JPOLYINVST-EQ,31507,JPOLYINVST
ANGELONE-EQ,324,ANGELONE
SPIC-EQ,3252,SPIC
SUNPHARMA-EQ,3351,SUNPHARMA
TATAELXSI-EQ,3411,TATAELXSI
TATAPOWER-EQ,3426,TATAPOWER
TNPETRO-EQ,3509,TNPETRO
VARDMNPOLY-EQ,3646,VARDMNPOLY
GAYAHWS-EQ,3693,GAYAHWS
VSTIND-EQ,3724,VSTIND
WEIZMANIND-EQ,3748,WEIZMANIND
BHARATRAS-EQ,3834,BHARATRAS
GOCLCORP-EQ,3963,GOCLCORP
TNPL-EQ,3980,TNPL
HDFCAMC-EQ,4244,HDFCAMC
DENORA-EQ,4279,DENORA
INDIANCARD-EQ,4422,INDIANCARD
ELECTHERM-EQ,4469,ELECTHERM
BIRLACORPN-EQ,480,BIRLACORPN
AARTIDRUGS-EQ,4481,AARTIDRUGS
RUCHINFRA-EQ,4566,RUCHINFRA
IPL-EQ,4934,IPL
BOMDYEING-EQ,513,BOMDYEING
SBIETFCON-EQ,5168,SBIETFCON
PDSL-EQ,5264,PDSL
CHEMPLASTS-EQ,5449,CHEMPLASTS
PAR-EQ,5631,PAR
AXISBANK-EQ,5900,AXISBANK
CYBERTECH-EQ,6051,CYBERTECH
ATGL-EQ,6066,ATGL
GOODLUCK-EQ,6125,GOODLUCK
ABREL-EQ,625,ABREL
DTIL-EQ,6227,DTIL
MEDICAMEQ-EQ,6278,MEDICAMEQ
HEALTHY-EQ,6297,HEALTHY
LAMBODHARA-EQ,6407,LAMBODHARA
FOCUS-EQ,6836,FOCUS
CIPLA-EQ,694,CIPLA
RPPL-EQ,6913,RPPL
SBIETFPB-EQ,722,SBIETFPB
LGBBROSLTD-EQ,18321,LGBBROSLTD
SANDUMA-EQ,18359,SANDUMA
NDGL-EQ,18371,NDGL
KCP-EQ,1841,KCP
RISHABH-EQ,18417,RISHABH
DIACABS-EQ,18543,DIACABS
MITTAL-EQ,18562,MITTAL
ZAGGLE-EQ,18608,ZAGGLE
MANAPPURAM-EQ,19061,MANAPPURAM
AARVI-EQ,19073,AARVI
TCIEXP-EQ,19223,TCIEXP
AHLEAST-EQ,19438,AHLEAST
KSB-EQ,1949,KSB
ADFFOODS-EQ,19761,ADFFOODS
ESAFSFB-EQ,19878,ESAFSFB
AHLADA-EQ,2004,AHLADA
SASTASUNDR-EQ,20063,SASTASUNDR
ASHOKA-EQ,20182,ASHOKA
BEDMUTHA-EQ,20196,BEDMUTHA
OBEROIRLTY-EQ,20242,OBEROIRLTY
PRUDMOULI-EQ,20527,PRUDMOULI
MOIL-EQ,20830,MOIL
RBZJEWEL-EQ,20874,RBZJEWEL
PSB-EQ,21001,PSB
ERIS-EQ,21154,ERIS
CHOLAHLDNG-EQ,21740,CHOLAHLDNG
CAPACITE-EQ,21749,CAPACITE
MAXHEALTH-EQ,22377,MAXHEALTH
BANKBETA-EQ,22440,BANKBETA
NOVAAGRI-EQ,22477,NOVAAGRI
HDFCPSUBK-EQ,22595,HDFCPSUBK
PFS-EQ,22602,PFS
IRISDOREME-EQ,2275,IRISDOREME
MRF-EQ,2277,MRF
MTNL-EQ,2294,MTNL
EXICOM-EQ,22947,EXICOM
UEL-EQ,23507,UEL
FILATFASH-EQ,23647,FILATFASH
BSLGOLDETF-EQ,23804,BSLGOLDETF
MID150CASE-EQ,24077,MID150CASE
PIIND-EQ,24184,PIIND
NOCIL-EQ,2442,NOCIL
ELGIRUBCO-EQ,24924,ELGIRUBCO
MODEFENCE-EQ,24944,MODEFENCE
WINDMACHIN-EQ,24969,WINDMACHIN
BODALCHEM-EQ,25017,BODALCHEM
GALAPREC-EQ,25134,GALAPREC
TDPOWERSYS-EQ,25178,TDPOWERSYS
APLLTD-EQ,25328,APLLTD
NIRAJ-EQ,255,NIRAJ
INDOUS-EQ,25503,INDOUS
AMJLAND-EQ,2598,AMJLAND
HEXATRADEX-EQ,27008,HEXATRADEX
BUTTERFLY-EQ,2716,BUTTERFLY
CRAFTSMAN-EQ,2854,CRAFTSMAN
MAMATA-EQ,28687,MAMATA
ROSSELLIND-EQ,28913,ROSSELLIND
UNIMECH-EQ,28960,UNIMECH
MOHITIND-EQ,29423,MOHITIND
S&SPOWER-EQ,2951,S&SPOWER
SUPREME-EQ,29439,SUPREME
SANDESH-EQ,2988,SANDESH
GRN200INAV-EQ,29907,GRN200INAV
NIFTY100EW-EQ,29944,NIFTY100EW
AONETOTAL-EQ,29975,AONETOTAL
GOLD360-EQ,30105,GOLD360
MID15INAV-EQ,30475,MID15INAV
SNXT30INAV-EQ,30519,SNXT30INAV
MOY100INAV-EQ,30549,MOY100INAV
AONE50INAV-EQ,30577,AONE50INAV
MCX-EQ,31181,MCX
SIEMENS-EQ,3150,SIEMENS
SUDARSCHEM-EQ,3327,SUDARSCHEM
ISGEC-EQ,3329,ISGEC
BALRAMCHIN-EQ,341,BALRAMCHIN
SUNDRMFAST-EQ,3345,SUNDRMFAST
TNTELE-EQ,3512,TNTELE
UNICHEMLAB-EQ,3579,UNICHEMLAB
BASF-EQ,368,BASF
BBTC-EQ,380,BBTC
VINDHYATEL-EQ,3694,VINDHYATEL
FINEORG-EQ,3744,FINEORG
BEL-EQ,383,BEL
HATSUN-EQ,3892,HATSUN
GREENPLY-EQ,3987,GREENPLY
CUBEXTUB-EQ,4064,CUBEXTUB
WENDT-EQ,4235,WENDT
PUNJABCHEM-EQ,4344,PUNJABCHEM
LORDSCHLO-EQ,18232,LORDSCHLO
EMSLIMITED-EQ,18593,EMSLIMITED
HPL-EQ,18679,HPL
MASKINVEST-EQ,18727,MASKINVEST
SUNDARAM-EQ,18931,SUNDARAM
JSWINFRA-EQ,19020,JSWINFRA
ITBEES-EQ,19084,ITBEES
UDS-EQ,19113,UDS
WEALTH-EQ,1923,WEALTH
MOM50-EQ,19289,MOM50
PLAZACABLE-EQ,19458,PLAZACABLE
TICL-EQ,19501,TICL
TRENT-EQ,1964,TRENT
LGHL-EQ,19876,LGHL
RADIOCITY-EQ,19877,RADIOCITY
DMART-EQ,19913,DMART
CLEDUCATE-EQ,20223,CLEDUCATE
LYKALABS-EQ,2028,LYKALABS
IREDA-EQ,20261,IREDA
SHAH-EQ,20296,SHAH
FEDFINA-EQ,20322,FEDFINA
RAMCOCEM-EQ,2043,RAMCOCEM
INDIGOPNTS-EQ,2048,INDIGOPNTS
AXISGOLD-EQ,20532,AXISGOLD
BBNPPGOLD-EQ,20547,BBNPPGOLD
JINDWORLD-EQ,20642,JINDWORLD
JAMNAAUTO-EQ,20778,JAMNAAUTO
HAPPYFORGE-EQ,20854,HAPPYFORGE
CDSL-EQ,21174,CDSL
SUMMITSEC-EQ,21275,SUMMITSEC
ABCAPITAL-EQ,21614,ABCAPITAL
TSFINV-EQ,2183,TSFINV
MEDIASSIST-EQ,21705,MEDIASSIST
LIQUIDCASE-EQ,21750,LIQUIDCASE
GENCON-EQ,2188,GENCON
MIRCELECTR-EQ,2202,MIRCELECTR
HFCL-EQ,21951,HFCL
DHUNINV-EQ,22233,DHUNINV
MODTHREAD-EQ,2241,MODTHREAD
HDFCNIFBAN-EQ,22433,HDFCNIFBAN
JSFB-EQ,22663,JSFB
CAPITALSFB-EQ,22675,CAPITALSFB
ENTERO-EQ,22717,ENTERO
HEIDELBERG-EQ,2316,HEIDELBERG
LIQUIDADD-EQ,23407,LIQUIDADD
SINCLAIR-EQ,23480,SINCLAIR
BHARTIHEXA-EQ,23489,BHARTIHEXA
AIIL-EQ,23553,AIIL
IXIGO-EQ,24067,IXIGO
AFIL-EQ,24159,AFIL
SYMPHONY-EQ,24190,SYMPHONY
NILKAMAL-EQ,2421,NILKAMAL
IVZINNIFTY-EQ,24217,IVZINNIFTY
ADL-EQ,245,ADL
SBINEQWETF-EQ,24524,SBINEQWETF
ONGC-EQ,2475,ONGC
CEIGALL-EQ,24742,CEIGALL
SUYOG-EQ,24851,SUYOG
ORIENTHOT-EQ,2493,ORIENTHOT
RVTH-EQ,25157,RVTH
BALAJEE-EQ,25203,BALAJEE
TOLINS-EQ,25262,TOLINS
BAJAJHFL-EQ,25270,BAJAJHFL
PGHH-EQ,2535,PGHH
PGEL-EQ,25358,PGEL
SHAKTIPUMP-EQ,25574,SHAKTIPUMP
MOMENTUM50-EQ,25606,MOMENTUM50
KRN-EQ,25643,KRN
VIKASECO-EQ,25756,VIKASECO
GROWWDEFNC-EQ,25758,GROWWDEFNC
VAL30IETF-EQ,25851,VAL30IETF
MINDACORP-EQ,25897,MINDACORP
GODAVARIB-EQ,25941,GODAVARIB
PFIZER-EQ,2643,PFIZER
ABINFRA-EQ,27020,ABINFRA
PRAKASH-EQ,2708,PRAKASH
MASTERTR-EQ,27047,MASTERTR
SWANCORP-EQ,27095,SWANCORP
NIVABUPA-EQ,27097,NIVABUPA
RACLGEAR-EQ,27171,RACLGEAR
PRSMJOHNSN-EQ,2739,PRSMJOHNSN
EASEMYTRIP-EQ,2792,EASEMYTRIP
MOBIKWIK-EQ,28046,MOBIKWIK
IKS-EQ,28125,IKS
INDOFARM-EQ,29025,INDOFARM
QUADFUTURE-EQ,29087,QUADFUTURE
DDEVPLSTIK-EQ,29098,DDEVPLSTIK
CARERATING-EQ,29113,CARERATING
PCJEWELLER-EQ,29124,PCJEWELLER
AGARWALEYE-EQ,29452,AGARWALEYE
GROWWRAIL-EQ,29527,GROWWRAIL
JUBLCPL-EQ,29590,JUBLCPL
SUVIDHAA-EQ,2998,SUVIDHAA
AXISTECETF-EQ,3010,AXISTECETF
AXISVALUE-EQ,30155,AXISVALUE
ABSLNN50ET-EQ,7339,ABSLNN50ET
DATAPATTNS-EQ,7358,DATAPATTNS
HECPROJECT-EQ,7425,HECPROJECT
BLUECOAST-EQ,7480,BLUECOAST
NRBBEARING-EQ,7553,NRBBEARING
EVIETF-EQ,755881,EVIETF
KRISHIVAL-EQ,756782,KRISHIVAL
PRIMO-EQ,756925,PRIMO
RAJOOENG-EQ,757049,RAJOOENG
BELRISE-EQ,757102,BELRISE
SNXT30BEES-EQ,757455,SNXT30BEES
SMARTWORKS-EQ,757965,SMARTWORKS
EFCIL-EQ,758675,EFCIL
REGAAL-EQ,758680,REGAAL
CPPLUS-EQ,758858,CPPLUS
LAXMIINDIA-EQ,758863,LAXMIINDIA
AMANTA-EQ,758909,AMANTA
MWL-EQ,759169,MWL
IVALUE-EQ,759041,IVALUE
MONEYBOXX-EQ,759381,MONEYBOXX
GROWWNXT50-EQ,759458,GROWWNXT50
GROWWMC150-EQ,759719,GROWWMC150
CAPILLARY-EQ,759867,CAPILLARY
MSCIADD-EQ,759978,MSCIADD
AONETMMQ50-EQ,759992,AONETMMQ50
LGEINDIA-EQ,760213,LGEINDIA
VIDYAWIRES-EQ,760224,VIDYAWIRES
AEQUS-EQ,760234,AEQUS
GROWWMETAL-EQ,760438,GROWWMETAL
AMAGI-EQ,760740,AMAGI
AYE-EQ,760981,AYE
SHREERAMA-EQ,7627,SHREERAMA
KRISHNADEF-EQ,761192,KRISHNADEF
SHIVATEX-EQ,804,SHIVATEX
CINEVISTA-EQ,8024,CINEVISTA
BLBLIMITED-EQ,8132,BLBLIMITED
BANKA-EQ,822,BANKA
SOFTTECH-EQ,8266,SOFTTECH
MITCON-EQ,8469,MITCON
GATEWAY-EQ,8510,GATEWAY
HARIOMPIPE-EQ,8968,HARIOMPIPE
UFO-EQ,9039,UFO
TIPSMUSIC-EQ,9117,TIPSMUSIC
DPABHUSHAN-EQ,936,DPABHUSHAN
CAMPUS-EQ,9362,CAMPUS
RAINBOW-EQ,9408,RAINBOW
LICI-EQ,9480,LICI
ESCORTS-EQ,958,ESCORTS
SPLPETRO-EQ,9617,SPLPETRO
RELCHEMQ-EQ,9652,RELCHEMQ
MEDICO-EQ,9667,MEDICO
GOLDTECH-EQ,9874,GOLDTECH
MOTOUR-EQ,757443,MOTOUR
DIGITIDE-EQ,757515,DIGITIDE
ARIS-EQ,757614,ARIS
MOALPHA50-EQ,757669,MOALPHA50
EUROBOND-EQ,757953,EUROBOND
KALPATARU-EQ,758558,KALPATARU
GLOBECIVIL-EQ,758572,GLOBECIVIL
ARFIN-EQ,758700,ARFIN
RHETAN-EQ,759062,RHETAN
SHRINGARMS-EQ,759093,SHRINGARMS
HILINFRA-EQ,759103,HILINFRA
NIFTYCASE-EQ,759302,NIFTYCASE
WEWORK-EQ,759434,WEWORK
VIKRAMSOLR-EQ,759453,VIKRAMSOLR
CANHLIFE-EQ,759477,CANHLIFE
ORKLAINDIA-EQ,759569,ORKLAINDIA
SHIVAUM-EQ,759747,SHIVAUM
ADVENTHTL-EQ,759769,ADVENTHTL
GROWW-EQ,759806,GROWW
TENNIND-EQ,759880,TENNIND
MOIPO-EQ,759891,MOIPO
MOSERVICE-EQ,760001,MOSERVICE
RUDRA-EQ,760392,RUDRA
GROWWPSE-EQ,760976,GROWWPSE
DABUR-EQ,772,DABUR
BYKE-EQ,7919,BYKE
AVANTIFEED-EQ,7936,AVANTIFEED
DCM-EQ,805,DCM
MAHLIFE-EQ,8050,MAHLIFE
XELPMOC-EQ,8477,XELPMOC
MOLOWVOL-EQ,8654,MOLOWVOL
DRREDDY-EQ,881,DRREDDY
VRLLOG-EQ,8696,VRLLOG
PRIVISCL-EQ,8825,PRIVISCL
TNIDETF-EQ,8882,TNIDETF
KHAICHEM-EQ,896,KHAICHEM
ELDEHSG-EQ,8953,ELDEHSG
NILAINFRA-EQ,9253,NILAINFRA
ELGIEQUIP-EQ,937,ELGIEQUIP
MSTCLTD-EQ,9356,MSTCLTD
SILVERTUC-EQ,9422,SILVERTUC
AKSHAR-EQ,9558,AKSHAR
KPITTECH-EQ,9683,KPITTECH
EMUDHRA-EQ,9756,EMUDHRA
AIRAN-EQ,9897,AIRAN
ONEPOINT-EQ,9939,ONEPOINT
GULFOILLUB-EQ,4391,GULFOILLUB
ALKYLAMINE-EQ,4487,ALKYLAMINE
HDFCLIFE-EQ,467,HDFCLIFE
3MINDIA-EQ,474,3MINDIA
BANKBARODA-EQ,4668,BANKBARODA
DODLA-EQ,4822,DODLA
ICEMAKE-EQ,489,ICEMAKE
HINDCON-EQ,4920,HINDCON
ICICIBANK-EQ,4963,ICICIBANK
SHARDACROP-EQ,4992,SHARDACROP
MAZDOCK-EQ,509,MAZDOCK
ICICIB22-EQ,522,ICICIB22
ANTGRAPHIC-EQ,5194,ANTGRAPHIC
UGROCAP-EQ,5313,UGROCAP
VIJAYA-EQ,5585,VIJAYA
MASPTOP50-EQ,5782,MASPTOP50
PASUPTAC-EQ,6045,PASUPTAC
3IINFOLTD-EQ,6232,3IINFOLTD
NIFTYETF-EQ,6353,NIFTYETF
CHAMBLFERT-EQ,637,CHAMBLFERT
NATIONALUM-EQ,6364,NATIONALUM
RSSOFTWARE-EQ,6429,RSSOFTWARE
GENUSPAPER-EQ,6600,GENUSPAPER
SAPPHIRE-EQ,6718,SAPPHIRE
SMLT-EQ,6843,SMLT
MAHKTECH-EQ,7074,MAHKTECH
TARSONS-EQ,6943,TARSONS
JMA-EQ,7109,JMA
METROBRAND-EQ,7242,METROBRAND
SETFNIFBK-EQ,7361,SETFNIFBK
MANAKCOAT-EQ,7413,MANAKCOAT
COSMOFIRST-EQ,742,COSMOFIRST
MIDQ50ADD-EQ,7456,MIDQ50ADD
ZENTEC-EQ,7508,ZENTEC
GROWWSLVR-EQ,756827,GROWWSLVR
AONENIFTY-EQ,757096,AONENIFTY
BLUSPRING-EQ,757520,BLUSPRING
MOGOLD-EQ,757791,MOGOLD
SHANTIGOLD-EQ,758002,SHANTIGOLD
GROWWPOWER-EQ,758165,GROWWPOWER
PROSTARM-EQ,758173,PROSTARM
JSWCEMENT-EQ,758460,JSWCEMENT
MANUFGBEES-EQ,758667,MANUFGBEES
RNBDENIMS-EQ,758981,RNBDENIMS
ABCOTS-EQ,759130,ABCOTS
TRUALT-EQ,759210,TRUALT
SYSTMTXC-EQ,759355,SYSTMTXC
FLEXIADD-EQ,759368,FLEXIADD
GEMAROMA-EQ,759461,GEMAROMA
MOMENTUM30-EQ,759488,MOMENTUM30
GROWWSC250-EQ,759522,GROWWSC250
MODIS-EQ,759752,MODIS
TMCV-EQ,759782,TMCV
SHILCTECH-EQ,759847,SHILCTECH
JARO-EQ,759951,JARO
EXCELSOFT-EQ,760007,EXCELSOFT
CORONA-EQ,760254,CORONA
LEMERITE-EQ,760300,LEMERITE
SMALLADD-EQ,760359,SMALLADD
ICICIAMC-EQ,760407,ICICIAMC
TOP20-EQ,760415,TOP20
KSHINTL-EQ,760433,KSHINTL
TWCGOLDETF-EQ,760482,TWCGOLDETF
BUILDPRO-EQ,760594,BUILDPRO
BCONCEPTS-EQ,7780,BCONCEPTS
AUTOIETF-EQ,7844,AUTOIETF
MIDCAP-EQ,8077,MIDCAP
AJANTPHARM-EQ,8124,AJANTPHARM
PRITI-EQ,8304,PRITI
MONT50INAV-EQ,30502,MONT50INAV
TIINDIA-EQ,312,TIINDIA
RHIM-EQ,31163,RHIM
NBCC-EQ,31415,NBCC
BAJFINANCE-EQ,317,BAJFINANCE
SUPERSPIN-EQ,3357,SUPERSPIN
BALMLAWRIE-EQ,338,BALMLAWRIE
AGARIND-EQ,3389,AGARIND
BBOX-EQ,3435,BBOX
THOMASCOOK-EQ,3481,THOMASCOOK
TATASTEEL-EQ,3499,TATASTEEL
TITAN-EQ,3506,TITAN
MAFANG-EQ,3507,MAFANG
AXISBPSETF-EQ,3530,AXISBPSETF
AXISHCETF-EQ,3608,AXISHCETF
GLOBE-EQ,393,GLOBE
VINEETLAB-EQ,3807,VINEETLAB
PVP-EQ,4010,PVP
MARICO-EQ,4067,MARICO
SILINV-EQ,4105,SILINV
SUNDRMBRAK-EQ,4179,SUNDRMBRAK
BEPL-EQ,419,BEPL
KHADIM-EQ,425,KHADIM
JAGSNPHARM-EQ,4410,JAGSNPHARM
SIGIND-EQ,4522,SIGIND
SHYAMMETL-EQ,4693,SHYAMMETL
CONCOR-EQ,4749,CONCOR
BIRLACABLE-EQ,477,BIRLACABLE
HAPPSTMNDS-EQ,48,HAPPSTMNDS
BLUEDART-EQ,495,BLUEDART
ALIVUS-EQ,5265,ALIVUS
PRITIKAUTO-EQ,5292,PRITIKAUTO
KRSNAA-EQ,5359,KRSNAA
ASAHIINDIA-EQ,5378,ASAHIINDIA
GRSE-EQ,5475,GRSE
SERVOTECH-EQ,5507,SERVOTECH
INTLCONV-EQ,5606,INTLCONV
CEMPRO-EQ,5622,CEMPRO
J&KBANK-EQ,5633,J&KBANK
SANSERA-EQ,5751,SANSERA
CYIENT-EQ,5748,CYIENT
GRAPHITE-EQ,592,GRAPHITE
CAMLINFINE-EQ,6216,CAMLINFINE
APOLSINHOT-EQ,6302,APOLSINHOT
DNAMEDIA-EQ,641,DNAMEDIA
CCHHL-EQ,6385,CCHHL
MANORG-EQ,6422,MANORG
GRPLTD-EQ,6543,GRPLTD
NYKAA-EQ,6545,NYKAA
PAYTM-EQ,6705,PAYTM
VISHNU-EQ,6908,VISHNU
SHRADHA-EQ,708,SHRADHA
ASIANENE-EQ,7030,ASIANENE
SUDARCOLOR-EQ,715,SUDARCOLOR
SEJALLTD-EQ,7091,SEJALLTD
TEGA-EQ,7105,TEGA
HCLTECH-EQ,7229,HCLTECH
SBIETFIT-EQ,740,SBIETFIT
DCMSRIND-EQ,7325,DCMSRIND
GLENMARK-EQ,7406,GLENMARK
HAVISHA-EQ,7457,HAVISHA
UNITEDPOLY-EQ,7560,UNITEDPOLY
THELEELA-EQ,757014,THELEELA
MOINFRA-EQ,757031,MOINFRA
MONEXT50-EQ,757167,MONEXT50
LIQGRWBEES-EQ,757725,LIQGRWBEES
MOMIDMTM-EQ,757817,MOMIDMTM
CRIZAC-EQ,757850,CRIZAC
EBGNG-EQ,757862,EBGNG
ALLTIME-EQ,758448,ALLTIME
ELLEN-EQ,758563,ELLEN
STLNETWORK-EQ,758958,STLNETWORK
AHCL-EQ,758968,AHCL
GANESHCP-EQ,759012,GANESHCP
DEVX-EQ,759079,DEVX
URBANCO-EQ,759084,URBANCO
JKIPL-EQ,759205,JKIPL
PACEDIGITK-EQ,759342,PACEDIGITK
SHREEJISPG-EQ,759448,SHREEJISPG
ELIQUID-EQ,759466,ELIQUID
PIRAMALFIN-EQ,759551,PIRAMALFIN
EMMVEE-EQ,759728,EMMVEE
PAUSHAKLTD-EQ,759969,PAUSHAKLTD
MOMNC-EQ,760054,MOMNC
GLOTTIS-EQ,760116,GLOTTIS
MEESHO-EQ,760229,MEESHO
SILVERBND-EQ,760328,SILVERBND
GROWWCHEM-EQ,760673,GROWWCHEM
KNAGRI-EQ,760923,KNAGRI
LFIC-EQ,7902,LFIC
INOXWIND-EQ,7852,INOXWIND
RAMCOSYS-EQ,7851,RAMCOSYS
SILVERIETF-EQ,7942,SILVERIETF
MALLCOM-EQ,7965,MALLCOM
KTKBANK-EQ,8054,KTKBANK
SILVERBEES-EQ,8080,SILVERBEES
CROWN-EQ,8083,CROWN
CALSOFT-EQ,8341,CALSOFT
TVSMOTOR-EQ,8479,TVSMOTOR
DHAMPURSUG-EQ,857,DHAMPURSUG
AKSHOPTFBR-EQ,8591,AKSHOPTFBR
MUKTAARTS-EQ,8687,MUKTAARTS
PNBGILTS-EQ,8736,PNBGILTS
USHAMART-EQ,8840,USHAMART
BCG-EQ,8833,BCG
UMIYA-MRO-EQ,8998,UMIYA-MRO
PRUDENT-EQ,9553,PRUDENT
POLYCAB-EQ,9590,POLYCAB
VENUSPIPES-EQ,9592,VENUSPIPES
HIKAL-EQ,9668,HIKAL
NV20BEES-EQ,9847,NV20BEES
CHEVIOT-EQ,9879,CHEVIOT
ASTRON-EQ,874,ASTRON
ANUP-EQ,9014,ANUP
INDOAMIN-EQ,9116,INDOAMIN
PNC-EQ,9342,PNC
TRU-EQ,9378,TRU
PGHL-EQ,940,PGHL
SKIPPER-EQ,9428,SKIPPER
NEXTMEDIA-EQ,9867,NEXTMEDIA
NEOGEN-EQ,9917,NEOGEN
